name;id;base_experience;weight;height;order;type1;type2;BMI;front_default sprite;Red;Blue;Leafgreen;White
Bulbasaur;1;64;69;7;1;grass;poison;14.08;https://raw.githubusercontent.com/PokeAPI/sprites/master/sprites/pokemon/1.png;True;True;True;True
Ivysaur;2;142;130;10;2;grass;poison;13.0;https://raw.githubusercontent.com/PokeAPI/sprites/master/sprites/pokemon/2.png;True;True;True;True
Venusaur;3;263;1000;20;3;grass;poison;25.0;https://raw.githubusercontent.com/PokeAPI/sprites/master/sprites/pokemon/3.png;True;True;True;True
Charmander;4;62;85;6;5;fire;;23.61;https://raw.githubusercontent.com/PokeAPI/sprites/master/sprites/pokemon/4.png;True;True;True;True
Charmeleon;5;142;190;11;6;fire;;15.7;https://raw.githubusercontent.com/PokeAPI/sprites/master/sprites/pokemon/5.png;True;True;True;True
Charizard;6;267;905;17;7;fire;flying;31.31;https://raw.githubusercontent.com/PokeAPI/sprites/master/sprites/pokemon/6.png;True;True;True;True
Squirtle;7;63;90;5;10;water;;36.0;https://raw.githubusercontent.com/PokeAPI/sprites/master/sprites/pokemon/7.png;True;True;True;True
Wartortle;8;142;225;10;11;water;;22.5;https://raw.githubusercontent.com/PokeAPI/sprites/master/sprites/pokemon/8.png;True;True;True;True
Blastoise;9;265;855;16;12;water;;33.4;https://raw.githubusercontent.com/PokeAPI/sprites/master/sprites/pokemon/9.png;True;True;True;True
Caterpie;10;39;29;3;14;bug;;32.22;https://raw.githubusercontent.com/PokeAPI/sprites/master/sprites/pokemon/10.png;True;True;True;True
Metapod;11;72;99;7;15;bug;;20.2;https://raw.githubusercontent.com/PokeAPI/sprites/master/sprites/pokemon/11.png;True;True;True;True
Butterfree;12;198;320;11;16;bug;flying;26.45;https://raw.githubusercontent.com/PokeAPI/sprites/master/sprites/pokemon/12.png;True;True;True;True
Weedle;13;39;32;3;17;bug;poison;35.56;https://raw.githubusercontent.com/PokeAPI/sprites/master/sprites/pokemon/13.png;True;True;True;True
Kakuna;14;72;100;6;18;bug;poison;27.78;https://raw.githubusercontent.com/PokeAPI/sprites/master/sprites/pokemon/14.png;True;True;True;True
Beedrill;15;178;295;10;19;bug;poison;29.5;https://raw.githubusercontent.com/PokeAPI/sprites/master/sprites/pokemon/15.png;True;True;True;True
Pidgey;16;50;18;3;21;normal;flying;20.0;https://raw.githubusercontent.com/PokeAPI/sprites/master/sprites/pokemon/16.png;True;True;True;True
Pidgeotto;17;122;300;11;22;normal;flying;24.79;https://raw.githubusercontent.com/PokeAPI/sprites/master/sprites/pokemon/17.png;True;True;True;True
Pidgeot;18;216;395;15;23;normal;flying;17.56;https://raw.githubusercontent.com/PokeAPI/sprites/master/sprites/pokemon/18.png;True;True;True;True
Rattata;19;51;35;3;25;normal;;38.89;https://raw.githubusercontent.com/PokeAPI/sprites/master/sprites/pokemon/19.png;True;True;True;True
Raticate;20;145;185;7;27;normal;;37.76;https://raw.githubusercontent.com/PokeAPI/sprites/master/sprites/pokemon/20.png;True;True;True;True
Spearow;21;52;20;3;30;normal;flying;22.22;https://raw.githubusercontent.com/PokeAPI/sprites/master/sprites/pokemon/21.png;True;True;True;True
Fearow;22;155;380;12;31;normal;flying;26.39;https://raw.githubusercontent.com/PokeAPI/sprites/master/sprites/pokemon/22.png;True;True;True;True
Ekans;23;58;69;20;32;poison;;1.73;https://raw.githubusercontent.com/PokeAPI/sprites/master/sprites/pokemon/23.png;True;True;True;True
Arbok;24;157;650;35;33;poison;;5.31;https://raw.githubusercontent.com/PokeAPI/sprites/master/sprites/pokemon/24.png;True;True;True;True
Pikachu;25;112;60;4;35;electric;;37.5;https://raw.githubusercontent.com/PokeAPI/sprites/master/sprites/pokemon/25.png;True;True;True;True
Raichu;26;243;300;8;51;electric;;46.88;https://raw.githubusercontent.com/PokeAPI/sprites/master/sprites/pokemon/26.png;True;True;True;True
Sandshrew;27;60;120;6;53;ground;;33.33;https://raw.githubusercontent.com/PokeAPI/sprites/master/sprites/pokemon/27.png;True;True;True;True
Sandslash;28;158;295;10;55;ground;;29.5;https://raw.githubusercontent.com/PokeAPI/sprites/master/sprites/pokemon/28.png;True;True;True;True
Nidoran-f;29;55;70;4;57;poison;;43.75;https://raw.githubusercontent.com/PokeAPI/sprites/master/sprites/pokemon/29.png;True;True;True;True
Nidorina;30;128;200;8;58;poison;;31.25;https://raw.githubusercontent.com/PokeAPI/sprites/master/sprites/pokemon/30.png;True;True;True;True
Nidoqueen;31;253;600;13;59;poison;ground;35.5;https://raw.githubusercontent.com/PokeAPI/sprites/master/sprites/pokemon/31.png;True;True;True;True
Nidoran-m;32;55;90;5;60;poison;;36.0;https://raw.githubusercontent.com/PokeAPI/sprites/master/sprites/pokemon/32.png;True;True;True;True
Nidorino;33;128;195;9;61;poison;;24.07;https://raw.githubusercontent.com/PokeAPI/sprites/master/sprites/pokemon/33.png;True;True;True;True
Nidoking;34;253;620;14;62;poison;ground;31.63;https://raw.githubusercontent.com/PokeAPI/sprites/master/sprites/pokemon/34.png;True;True;True;True
Clefairy;35;113;75;6;64;fairy;;20.83;https://raw.githubusercontent.com/PokeAPI/sprites/master/sprites/pokemon/35.png;True;True;True;True
Clefable;36;242;400;13;65;fairy;;23.67;https://raw.githubusercontent.com/PokeAPI/sprites/master/sprites/pokemon/36.png;True;True;True;True
Vulpix;37;60;99;6;66;fire;;27.5;https://raw.githubusercontent.com/PokeAPI/sprites/master/sprites/pokemon/37.png;True;True;True;True
Ninetales;38;177;199;11;68;fire;;16.45;https://raw.githubusercontent.com/PokeAPI/sprites/master/sprites/pokemon/38.png;True;True;True;True
Jigglypuff;39;95;55;5;71;normal;fairy;22.0;https://raw.githubusercontent.com/PokeAPI/sprites/master/sprites/pokemon/39.png;True;True;True;True
Wigglytuff;40;218;120;10;72;normal;fairy;12.0;https://raw.githubusercontent.com/PokeAPI/sprites/master/sprites/pokemon/40.png;True;True;True;True
Zubat;41;49;75;8;73;poison;flying;11.72;https://raw.githubusercontent.com/PokeAPI/sprites/master/sprites/pokemon/41.png;True;True;True;True
Golbat;42;159;550;16;74;poison;flying;21.48;https://raw.githubusercontent.com/PokeAPI/sprites/master/sprites/pokemon/42.png;True;True;True;True
Oddish;43;64;54;5;76;grass;poison;21.6;https://raw.githubusercontent.com/PokeAPI/sprites/master/sprites/pokemon/43.png;True;True;True;True
Gloom;44;138;86;8;77;grass;poison;13.44;https://raw.githubusercontent.com/PokeAPI/sprites/master/sprites/pokemon/44.png;True;True;True;True
Vileplume;45;245;186;12;78;grass;poison;12.92;https://raw.githubusercontent.com/PokeAPI/sprites/master/sprites/pokemon/45.png;True;True;True;True
Paras;46;57;54;3;80;bug;grass;60.0;https://raw.githubusercontent.com/PokeAPI/sprites/master/sprites/pokemon/46.png;True;True;True;True
Parasect;47;142;295;10;81;bug;grass;29.5;https://raw.githubusercontent.com/PokeAPI/sprites/master/sprites/pokemon/47.png;True;True;True;True
Venonat;48;61;300;10;82;bug;poison;30.0;https://raw.githubusercontent.com/PokeAPI/sprites/master/sprites/pokemon/48.png;True;True;True;True
Venomoth;49;158;125;15;83;bug;poison;5.56;https://raw.githubusercontent.com/PokeAPI/sprites/master/sprites/pokemon/49.png;True;True;True;True
Diglett;50;53;8;2;84;ground;;20.0;https://raw.githubusercontent.com/PokeAPI/sprites/master/sprites/pokemon/50.png;True;True;True;True
Dugtrio;51;149;333;7;86;ground;;67.96;https://raw.githubusercontent.com/PokeAPI/sprites/master/sprites/pokemon/51.png;True;True;True;True
Meowth;52;58;42;4;88;normal;;26.25;https://raw.githubusercontent.com/PokeAPI/sprites/master/sprites/pokemon/52.png;True;True;True;True
Persian;53;154;320;10;91;normal;;32.0;https://raw.githubusercontent.com/PokeAPI/sprites/master/sprites/pokemon/53.png;True;True;True;True
Psyduck;54;64;196;8;93;water;;30.62;https://raw.githubusercontent.com/PokeAPI/sprites/master/sprites/pokemon/54.png;True;True;True;True
Golduck;55;175;766;17;94;water;;26.51;https://raw.githubusercontent.com/PokeAPI/sprites/master/sprites/pokemon/55.png;True;True;True;True
Mankey;56;61;280;5;95;fighting;;112.0;https://raw.githubusercontent.com/PokeAPI/sprites/master/sprites/pokemon/56.png;True;True;True;True
Primeape;57;159;320;10;96;fighting;;32.0;https://raw.githubusercontent.com/PokeAPI/sprites/master/sprites/pokemon/57.png;True;True;True;True
Growlithe;58;70;190;7;97;fire;;38.78;https://raw.githubusercontent.com/PokeAPI/sprites/master/sprites/pokemon/58.png;True;True;True;True
Arcanine;59;194;1550;19;98;fire;;42.94;https://raw.githubusercontent.com/PokeAPI/sprites/master/sprites/pokemon/59.png;True;True;True;True
Poliwag;60;60;124;6;99;water;;34.44;https://raw.githubusercontent.com/PokeAPI/sprites/master/sprites/pokemon/60.png;True;True;True;True
Poliwhirl;61;135;200;10;100;water;;20.0;https://raw.githubusercontent.com/PokeAPI/sprites/master/sprites/pokemon/61.png;True;True;True;True
Poliwrath;62;255;540;13;101;water;fighting;31.95;https://raw.githubusercontent.com/PokeAPI/sprites/master/sprites/pokemon/62.png;True;True;True;True
Abra;63;62;195;9;103;psychic;;24.07;https://raw.githubusercontent.com/PokeAPI/sprites/master/sprites/pokemon/63.png;True;True;True;True
Kadabra;64;140;565;13;104;psychic;;33.43;https://raw.githubusercontent.com/PokeAPI/sprites/master/sprites/pokemon/64.png;True;True;True;True
Alakazam;65;250;480;15;105;psychic;;21.33;https://raw.githubusercontent.com/PokeAPI/sprites/master/sprites/pokemon/65.png;True;True;True;True
Machop;66;61;195;8;107;fighting;;30.47;https://raw.githubusercontent.com/PokeAPI/sprites/master/sprites/pokemon/66.png;True;True;True;True
Machoke;67;142;705;15;108;fighting;;31.33;https://raw.githubusercontent.com/PokeAPI/sprites/master/sprites/pokemon/67.png;True;True;True;True
Machamp;68;253;1300;16;109;fighting;;50.78;https://raw.githubusercontent.com/PokeAPI/sprites/master/sprites/pokemon/68.png;True;True;True;True
Bellsprout;69;60;40;7;110;grass;poison;8.16;https://raw.githubusercontent.com/PokeAPI/sprites/master/sprites/pokemon/69.png;True;True;True;True
Weepinbell;70;137;64;10;111;grass;poison;6.4;https://raw.githubusercontent.com/PokeAPI/sprites/master/sprites/pokemon/70.png;True;True;True;True
Victreebel;71;221;155;17;112;grass;poison;5.36;https://raw.githubusercontent.com/PokeAPI/sprites/master/sprites/pokemon/71.png;True;True;True;True
Tentacool;72;67;455;9;113;water;poison;56.17;https://raw.githubusercontent.com/PokeAPI/sprites/master/sprites/pokemon/72.png;True;True;True;True
Tentacruel;73;180;550;16;114;water;poison;21.48;https://raw.githubusercontent.com/PokeAPI/sprites/master/sprites/pokemon/73.png;True;True;True;True
Geodude;74;60;200;4;115;rock;ground;125.0;https://raw.githubusercontent.com/PokeAPI/sprites/master/sprites/pokemon/74.png;True;True;True;True
Graveler;75;137;1050;10;117;rock;ground;105.0;https://raw.githubusercontent.com/PokeAPI/sprites/master/sprites/pokemon/75.png;True;True;True;True
Golem;76;223;3000;14;119;rock;ground;153.06;https://raw.githubusercontent.com/PokeAPI/sprites/master/sprites/pokemon/76.png;True;True;True;True
Ponyta;77;82;300;10;121;fire;;30.0;https://raw.githubusercontent.com/PokeAPI/sprites/master/sprites/pokemon/77.png;True;True;True;True
Rapidash;78;175;950;17;123;fire;;32.87;https://raw.githubusercontent.com/PokeAPI/sprites/master/sprites/pokemon/78.png;True;True;True;True
Slowpoke;79;63;360;12;125;water;psychic;25.0;https://raw.githubusercontent.com/PokeAPI/sprites/master/sprites/pokemon/79.png;True;True;True;True
Slowbro;80;172;785;16;127;water;psychic;30.66;https://raw.githubusercontent.com/PokeAPI/sprites/master/sprites/pokemon/80.png;True;True;True;True
Magnemite;81;65;60;3;132;electric;steel;66.67;https://raw.githubusercontent.com/PokeAPI/sprites/master/sprites/pokemon/81.png;True;True;True;True
Magneton;82;163;600;10;133;electric;steel;60.0;https://raw.githubusercontent.com/PokeAPI/sprites/master/sprites/pokemon/82.png;True;True;True;True
Farfetchd;83;132;150;8;135;normal;flying;23.44;https://raw.githubusercontent.com/PokeAPI/sprites/master/sprites/pokemon/83.png;True;True;True;True
Doduo;84;62;392;14;137;normal;flying;20.0;https://raw.githubusercontent.com/PokeAPI/sprites/master/sprites/pokemon/84.png;True;True;True;True
Dodrio;85;165;852;18;138;normal;flying;26.3;https://raw.githubusercontent.com/PokeAPI/sprites/master/sprites/pokemon/85.png;True;True;True;True
Seel;86;65;900;11;139;water;;74.38;https://raw.githubusercontent.com/PokeAPI/sprites/master/sprites/pokemon/86.png;True;True;True;True
Dewgong;87;166;1200;17;140;water;ice;41.52;https://raw.githubusercontent.com/PokeAPI/sprites/master/sprites/pokemon/87.png;True;True;True;True
Grimer;88;65;300;9;141;poison;;37.04;https://raw.githubusercontent.com/PokeAPI/sprites/master/sprites/pokemon/88.png;True;True;True;True
Muk;89;175;300;12;143;poison;;20.83;https://raw.githubusercontent.com/PokeAPI/sprites/master/sprites/pokemon/89.png;True;True;True;True
Shellder;90;61;40;3;145;water;;44.44;https://raw.githubusercontent.com/PokeAPI/sprites/master/sprites/pokemon/90.png;True;True;True;True
Cloyster;91;184;1325;15;146;water;ice;58.89;https://raw.githubusercontent.com/PokeAPI/sprites/master/sprites/pokemon/91.png;True;True;True;True
Gastly;92;62;1;13;147;ghost;poison;0.06;https://raw.githubusercontent.com/PokeAPI/sprites/master/sprites/pokemon/92.png;True;True;True;True
Haunter;93;142;1;16;148;ghost;poison;0.04;https://raw.githubusercontent.com/PokeAPI/sprites/master/sprites/pokemon/93.png;True;True;True;True
Gengar;94;250;405;15;149;ghost;poison;18.0;https://raw.githubusercontent.com/PokeAPI/sprites/master/sprites/pokemon/94.png;True;True;True;True
Onix;95;77;2100;88;151;rock;ground;2.71;https://raw.githubusercontent.com/PokeAPI/sprites/master/sprites/pokemon/95.png;True;True;True;True
Drowzee;96;66;324;10;154;psychic;;32.4;https://raw.githubusercontent.com/PokeAPI/sprites/master/sprites/pokemon/96.png;True;True;True;True
Hypno;97;169;756;16;155;psychic;;29.53;https://raw.githubusercontent.com/PokeAPI/sprites/master/sprites/pokemon/97.png;True;True;True;True
Krabby;98;65;65;4;156;water;;40.62;https://raw.githubusercontent.com/PokeAPI/sprites/master/sprites/pokemon/98.png;True;True;True;True
Kingler;99;166;600;13;157;water;;35.5;https://raw.githubusercontent.com/PokeAPI/sprites/master/sprites/pokemon/99.png;True;True;True;True
Voltorb;100;66;104;5;158;electric;;41.6;https://raw.githubusercontent.com/PokeAPI/sprites/master/sprites/pokemon/100.png;True;True;True;True
Electrode;101;172;666;12;159;electric;;46.25;https://raw.githubusercontent.com/PokeAPI/sprites/master/sprites/pokemon/101.png;True;True;True;True
Exeggcute;102;65;25;4;160;grass;psychic;15.62;https://raw.githubusercontent.com/PokeAPI/sprites/master/sprites/pokemon/102.png;True;True;True;True
Exeggutor;103;186;1200;20;161;grass;psychic;30.0;https://raw.githubusercontent.com/PokeAPI/sprites/master/sprites/pokemon/103.png;True;True;True;True
Cubone;104;64;65;4;163;ground;;40.62;https://raw.githubusercontent.com/PokeAPI/sprites/master/sprites/pokemon/104.png;True;True;True;True
Marowak;105;149;450;10;164;ground;;45.0;https://raw.githubusercontent.com/PokeAPI/sprites/master/sprites/pokemon/105.png;True;True;True;True
Hitmonlee;106;159;498;15;168;fighting;;22.13;https://raw.githubusercontent.com/PokeAPI/sprites/master/sprites/pokemon/106.png;True;True;True;True
Hitmonchan;107;159;502;14;169;fighting;;25.61;https://raw.githubusercontent.com/PokeAPI/sprites/master/sprites/pokemon/107.png;True;True;True;True
Lickitung;108;77;655;12;171;normal;;45.49;https://raw.githubusercontent.com/PokeAPI/sprites/master/sprites/pokemon/108.png;True;True;True;True
Koffing;109;68;10;6;173;poison;;2.78;https://raw.githubusercontent.com/PokeAPI/sprites/master/sprites/pokemon/109.png;True;True;True;True
Weezing;110;172;95;12;174;poison;;6.6;https://raw.githubusercontent.com/PokeAPI/sprites/master/sprites/pokemon/110.png;True;True;True;True
Rhyhorn;111;69;1150;10;176;ground;rock;115.0;https://raw.githubusercontent.com/PokeAPI/sprites/master/sprites/pokemon/111.png;True;True;True;True
Rhydon;112;170;1200;19;177;ground;rock;33.24;https://raw.githubusercontent.com/PokeAPI/sprites/master/sprites/pokemon/112.png;True;True;True;True
Chansey;113;395;346;11;180;normal;;28.6;https://raw.githubusercontent.com/PokeAPI/sprites/master/sprites/pokemon/113.png;True;True;True;True
Tangela;114;87;350;10;182;grass;;35.0;https://raw.githubusercontent.com/PokeAPI/sprites/master/sprites/pokemon/114.png;True;True;True;True
Kangaskhan;115;172;800;22;184;normal;;16.53;https://raw.githubusercontent.com/PokeAPI/sprites/master/sprites/pokemon/115.png;True;True;True;True
Horsea;116;59;80;4;186;water;;50.0;https://raw.githubusercontent.com/PokeAPI/sprites/master/sprites/pokemon/116.png;True;True;True;True
Seadra;117;154;250;12;187;water;;17.36;https://raw.githubusercontent.com/PokeAPI/sprites/master/sprites/pokemon/117.png;True;True;True;True
Goldeen;118;64;150;6;189;water;;41.67;https://raw.githubusercontent.com/PokeAPI/sprites/master/sprites/pokemon/118.png;True;True;True;True
Seaking;119;158;390;13;190;water;;23.08;https://raw.githubusercontent.com/PokeAPI/sprites/master/sprites/pokemon/119.png;True;True;True;True
Staryu;120;68;345;8;191;water;;53.91;https://raw.githubusercontent.com/PokeAPI/sprites/master/sprites/pokemon/120.png;True;True;True;True
Starmie;121;182;800;11;192;water;psychic;66.12;https://raw.githubusercontent.com/PokeAPI/sprites/master/sprites/pokemon/121.png;True;True;True;True
Mr-mime;122;161;545;13;194;psychic;fairy;32.25;https://raw.githubusercontent.com/PokeAPI/sprites/master/sprites/pokemon/122.png;True;True;True;True
Scyther;123;100;560;15;196;bug;flying;24.89;https://raw.githubusercontent.com/PokeAPI/sprites/master/sprites/pokemon/123.png;True;True;True;True
Jynx;124;159;406;14;200;ice;psychic;20.71;https://raw.githubusercontent.com/PokeAPI/sprites/master/sprites/pokemon/124.png;True;True;True;True
Electabuzz;125;172;300;11;202;electric;;24.79;https://raw.githubusercontent.com/PokeAPI/sprites/master/sprites/pokemon/125.png;True;True;True;True
Magmar;126;173;445;13;205;fire;;26.33;https://raw.githubusercontent.com/PokeAPI/sprites/master/sprites/pokemon/126.png;True;True;True;True
Pinsir;127;175;550;15;207;bug;;24.44;https://raw.githubusercontent.com/PokeAPI/sprites/master/sprites/pokemon/127.png;True;True;True;True
Tauros;128;172;884;14;209;normal;;45.1;https://raw.githubusercontent.com/PokeAPI/sprites/master/sprites/pokemon/128.png;True;True;True;True
Magikarp;129;40;100;9;210;water;;12.35;https://raw.githubusercontent.com/PokeAPI/sprites/master/sprites/pokemon/129.png;True;True;True;True
Gyarados;130;189;2350;65;211;water;flying;5.56;https://raw.githubusercontent.com/PokeAPI/sprites/master/sprites/pokemon/130.png;True;True;True;True
Lapras;131;187;2200;25;213;water;ice;35.2;https://raw.githubusercontent.com/PokeAPI/sprites/master/sprites/pokemon/131.png;True;True;True;True
Ditto;132;101;40;3;214;normal;;44.44;https://raw.githubusercontent.com/PokeAPI/sprites/master/sprites/pokemon/132.png;True;True;True;True
Eevee;133;65;65;3;215;normal;;72.22;https://raw.githubusercontent.com/PokeAPI/sprites/master/sprites/pokemon/133.png;True;True;True;True
Vaporeon;134;184;290;10;217;water;;29.0;https://raw.githubusercontent.com/PokeAPI/sprites/master/sprites/pokemon/134.png;True;True;True;True
Jolteon;135;184;245;8;218;electric;;38.28;https://raw.githubusercontent.com/PokeAPI/sprites/master/sprites/pokemon/135.png;True;True;True;True
Flareon;136;184;250;9;219;fire;;30.86;https://raw.githubusercontent.com/PokeAPI/sprites/master/sprites/pokemon/136.png;True;True;True;True
Porygon;137;79;365;8;225;normal;;57.03;https://raw.githubusercontent.com/PokeAPI/sprites/master/sprites/pokemon/137.png;True;True;True;True
Omanyte;138;71;75;4;228;rock;water;46.88;https://raw.githubusercontent.com/PokeAPI/sprites/master/sprites/pokemon/138.png;True;True;True;True
Omastar;139;173;350;10;229;rock;water;35.0;https://raw.githubusercontent.com/PokeAPI/sprites/master/sprites/pokemon/139.png;True;True;True;True
Kabuto;140;71;115;5;230;rock;water;46.0;https://raw.githubusercontent.com/PokeAPI/sprites/master/sprites/pokemon/140.png;True;True;True;True
Kabutops;141;173;405;13;231;rock;water;23.96;https://raw.githubusercontent.com/PokeAPI/sprites/master/sprites/pokemon/141.png;True;True;True;True
Aerodactyl;142;180;590;18;232;rock;flying;18.21;https://raw.githubusercontent.com/PokeAPI/sprites/master/sprites/pokemon/142.png;True;True;True;True
Snorlax;143;189;4600;21;235;normal;;104.31;https://raw.githubusercontent.com/PokeAPI/sprites/master/sprites/pokemon/143.png;True;True;True;True
Articuno;144;290;554;17;236;ice;flying;19.17;https://raw.githubusercontent.com/PokeAPI/sprites/master/sprites/pokemon/144.png;True;True;True;True
Zapdos;145;290;526;16;238;electric;flying;20.55;https://raw.githubusercontent.com/PokeAPI/sprites/master/sprites/pokemon/145.png;True;True;True;True
Moltres;146;290;600;20;240;fire;flying;15.0;https://raw.githubusercontent.com/PokeAPI/sprites/master/sprites/pokemon/146.png;True;True;True;True
Dratini;147;60;33;18;242;dragon;;1.02;https://raw.githubusercontent.com/PokeAPI/sprites/master/sprites/pokemon/147.png;True;True;True;True
Dragonair;148;147;165;40;243;dragon;;1.03;https://raw.githubusercontent.com/PokeAPI/sprites/master/sprites/pokemon/148.png;True;True;True;True
Dragonite;149;300;2100;22;244;dragon;flying;43.39;https://raw.githubusercontent.com/PokeAPI/sprites/master/sprites/pokemon/149.png;True;True;True;True
Mewtwo;150;340;1220;20;245;psychic;;30.5;https://raw.githubusercontent.com/PokeAPI/sprites/master/sprites/pokemon/150.png;True;True;True;True
Mew;151;300;40;4;248;psychic;;25.0;https://raw.githubusercontent.com/PokeAPI/sprites/master/sprites/pokemon/151.png;True;True;True;True
Chikorita;152;64;64;9;249;grass;;7.9;https://raw.githubusercontent.com/PokeAPI/sprites/master/sprites/pokemon/152.png;False;False;True;True
Bayleef;153;142;158;12;250;grass;;10.97;https://raw.githubusercontent.com/PokeAPI/sprites/master/sprites/pokemon/153.png;False;False;True;True
Meganium;154;236;1005;18;251;grass;;31.02;https://raw.githubusercontent.com/PokeAPI/sprites/master/sprites/pokemon/154.png;False;False;True;True
Cyndaquil;155;62;79;5;252;fire;;31.6;https://raw.githubusercontent.com/PokeAPI/sprites/master/sprites/pokemon/155.png;False;False;True;True
Quilava;156;142;190;9;253;fire;;23.46;https://raw.githubusercontent.com/PokeAPI/sprites/master/sprites/pokemon/156.png;False;False;True;True
Typhlosion;157;240;795;17;254;fire;;27.51;https://raw.githubusercontent.com/PokeAPI/sprites/master/sprites/pokemon/157.png;False;False;True;True
Totodile;158;63;95;6;255;water;;26.39;https://raw.githubusercontent.com/PokeAPI/sprites/master/sprites/pokemon/158.png;False;False;True;True
Croconaw;159;142;250;11;256;water;;20.66;https://raw.githubusercontent.com/PokeAPI/sprites/master/sprites/pokemon/159.png;False;False;True;True
Feraligatr;160;239;888;23;257;water;;16.79;https://raw.githubusercontent.com/PokeAPI/sprites/master/sprites/pokemon/160.png;False;False;True;True
Sentret;161;43;60;8;258;normal;;9.38;https://raw.githubusercontent.com/PokeAPI/sprites/master/sprites/pokemon/161.png;False;False;True;True
Furret;162;145;325;18;259;normal;;10.03;https://raw.githubusercontent.com/PokeAPI/sprites/master/sprites/pokemon/162.png;False;False;True;True
Hoothoot;163;52;212;7;260;normal;flying;43.27;https://raw.githubusercontent.com/PokeAPI/sprites/master/sprites/pokemon/163.png;False;False;True;True
Noctowl;164;158;408;16;261;normal;flying;15.94;https://raw.githubusercontent.com/PokeAPI/sprites/master/sprites/pokemon/164.png;False;False;True;True
Ledyba;165;53;108;10;262;bug;flying;10.8;https://raw.githubusercontent.com/PokeAPI/sprites/master/sprites/pokemon/165.png;False;False;True;True
Ledian;166;137;356;14;263;bug;flying;18.16;https://raw.githubusercontent.com/PokeAPI/sprites/master/sprites/pokemon/166.png;False;False;True;True
Spinarak;167;50;85;5;264;bug;poison;34.0;https://raw.githubusercontent.com/PokeAPI/sprites/master/sprites/pokemon/167.png;False;False;True;True
Ariados;168;140;335;11;265;bug;poison;27.69;https://raw.githubusercontent.com/PokeAPI/sprites/master/sprites/pokemon/168.png;False;False;True;True
Crobat;169;268;750;18;75;poison;flying;23.15;https://raw.githubusercontent.com/PokeAPI/sprites/master/sprites/pokemon/169.png;False;False;True;True
Chinchou;170;66;120;5;266;water;electric;48.0;https://raw.githubusercontent.com/PokeAPI/sprites/master/sprites/pokemon/170.png;False;False;True;True
Lanturn;171;161;225;12;267;water;electric;15.62;https://raw.githubusercontent.com/PokeAPI/sprites/master/sprites/pokemon/171.png;False;False;True;True
Pichu;172;41;20;3;34;electric;;22.22;https://raw.githubusercontent.com/PokeAPI/sprites/master/sprites/pokemon/172.png;False;False;True;True
Cleffa;173;44;30;3;63;fairy;;33.33;https://raw.githubusercontent.com/PokeAPI/sprites/master/sprites/pokemon/173.png;False;False;True;True
Igglybuff;174;42;10;3;70;normal;fairy;11.11;https://raw.githubusercontent.com/PokeAPI/sprites/master/sprites/pokemon/174.png;False;False;True;True
Togepi;175;49;15;3;268;fairy;;16.67;https://raw.githubusercontent.com/PokeAPI/sprites/master/sprites/pokemon/175.png;False;False;True;True
Togetic;176;142;32;6;269;fairy;flying;8.89;https://raw.githubusercontent.com/PokeAPI/sprites/master/sprites/pokemon/176.png;False;False;True;True
Natu;177;64;20;2;271;psychic;flying;50.0;https://raw.githubusercontent.com/PokeAPI/sprites/master/sprites/pokemon/177.png;False;False;True;True
Xatu;178;165;150;15;272;psychic;flying;6.67;https://raw.githubusercontent.com/PokeAPI/sprites/master/sprites/pokemon/178.png;False;False;True;True
Mareep;179;56;78;6;273;electric;;21.67;https://raw.githubusercontent.com/PokeAPI/sprites/master/sprites/pokemon/179.png;False;False;True;True
Flaaffy;180;128;133;8;274;electric;;20.78;https://raw.githubusercontent.com/PokeAPI/sprites/master/sprites/pokemon/180.png;False;False;True;True
Ampharos;181;230;615;14;275;electric;;31.38;https://raw.githubusercontent.com/PokeAPI/sprites/master/sprites/pokemon/181.png;False;False;True;True
Bellossom;182;245;58;4;79;grass;;36.25;https://raw.githubusercontent.com/PokeAPI/sprites/master/sprites/pokemon/182.png;False;False;True;True
Marill;183;88;85;4;278;water;fairy;53.12;https://raw.githubusercontent.com/PokeAPI/sprites/master/sprites/pokemon/183.png;False;False;True;True
Azumarill;184;210;285;8;279;water;fairy;44.53;https://raw.githubusercontent.com/PokeAPI/sprites/master/sprites/pokemon/184.png;False;False;True;True
Sudowoodo;185;144;380;12;281;rock;;26.39;https://raw.githubusercontent.com/PokeAPI/sprites/master/sprites/pokemon/185.png;False;False;True;True
Politoed;186;250;339;11;102;water;;28.02;https://raw.githubusercontent.com/PokeAPI/sprites/master/sprites/pokemon/186.png;False;False;True;True
Hoppip;187;50;5;4;282;grass;flying;3.12;https://raw.githubusercontent.com/PokeAPI/sprites/master/sprites/pokemon/187.png;False;False;True;True
Skiploom;188;119;10;6;283;grass;flying;2.78;https://raw.githubusercontent.com/PokeAPI/sprites/master/sprites/pokemon/188.png;False;False;True;True
Jumpluff;189;207;30;8;284;grass;flying;4.69;https://raw.githubusercontent.com/PokeAPI/sprites/master/sprites/pokemon/189.png;False;False;True;True
Aipom;190;72;115;8;285;normal;;17.97;https://raw.githubusercontent.com/PokeAPI/sprites/master/sprites/pokemon/190.png;False;False;True;True
Sunkern;191;36;18;3;287;grass;;20.0;https://raw.githubusercontent.com/PokeAPI/sprites/master/sprites/pokemon/191.png;False;False;True;True
Sunflora;192;149;85;8;288;grass;;13.28;https://raw.githubusercontent.com/PokeAPI/sprites/master/sprites/pokemon/192.png;False;False;True;True
Yanma;193;78;380;12;289;bug;flying;26.39;https://raw.githubusercontent.com/PokeAPI/sprites/master/sprites/pokemon/193.png;False;False;True;True
Wooper;194;42;85;4;291;water;ground;53.12;https://raw.githubusercontent.com/PokeAPI/sprites/master/sprites/pokemon/194.png;False;False;True;True
Quagsire;195;151;750;14;292;water;ground;38.27;https://raw.githubusercontent.com/PokeAPI/sprites/master/sprites/pokemon/195.png;False;False;True;True
Espeon;196;184;265;9;220;psychic;;32.72;https://raw.githubusercontent.com/PokeAPI/sprites/master/sprites/pokemon/196.png;False;False;True;True
Umbreon;197;184;270;10;221;dark;;27.0;https://raw.githubusercontent.com/PokeAPI/sprites/master/sprites/pokemon/197.png;False;False;True;True
Murkrow;198;81;21;5;293;dark;flying;8.4;https://raw.githubusercontent.com/PokeAPI/sprites/master/sprites/pokemon/198.png;False;False;True;True
Slowking;199;172;795;20;130;water;psychic;19.88;https://raw.githubusercontent.com/PokeAPI/sprites/master/sprites/pokemon/199.png;False;False;True;True
Misdreavus;200;87;10;7;295;ghost;;2.04;https://raw.githubusercontent.com/PokeAPI/sprites/master/sprites/pokemon/200.png;False;False;True;True
Unown;201;118;50;5;297;psychic;;20.0;https://raw.githubusercontent.com/PokeAPI/sprites/master/sprites/pokemon/201.png;False;False;True;True
Wobbuffet;202;142;285;13;299;psychic;;16.86;https://raw.githubusercontent.com/PokeAPI/sprites/master/sprites/pokemon/202.png;False;False;True;True
Girafarig;203;159;415;15;300;normal;psychic;18.44;https://raw.githubusercontent.com/PokeAPI/sprites/master/sprites/pokemon/203.png;False;False;True;True
Pineco;204;58;72;6;301;bug;;20.0;https://raw.githubusercontent.com/PokeAPI/sprites/master/sprites/pokemon/204.png;False;False;True;True
Forretress;205;163;1258;12;302;bug;steel;87.36;https://raw.githubusercontent.com/PokeAPI/sprites/master/sprites/pokemon/205.png;False;False;True;True
Dunsparce;206;145;140;15;303;normal;;6.22;https://raw.githubusercontent.com/PokeAPI/sprites/master/sprites/pokemon/206.png;False;False;True;True
Gligar;207;86;648;11;304;ground;flying;53.55;https://raw.githubusercontent.com/PokeAPI/sprites/master/sprites/pokemon/207.png;False;False;True;True
Steelix;208;179;4000;92;152;steel;ground;4.73;https://raw.githubusercontent.com/PokeAPI/sprites/master/sprites/pokemon/208.png;False;False;True;True
Snubbull;209;60;78;6;306;fairy;;21.67;https://raw.githubusercontent.com/PokeAPI/sprites/master/sprites/pokemon/209.png;False;False;True;True
Granbull;210;158;487;14;307;fairy;;24.85;https://raw.githubusercontent.com/PokeAPI/sprites/master/sprites/pokemon/210.png;False;False;True;True
Qwilfish;211;88;39;5;308;water;poison;15.6;https://raw.githubusercontent.com/PokeAPI/sprites/master/sprites/pokemon/211.png;False;False;True;True
Scizor;212;175;1180;18;197;bug;steel;36.42;https://raw.githubusercontent.com/PokeAPI/sprites/master/sprites/pokemon/212.png;False;False;True;True
Shuckle;213;177;205;6;309;bug;rock;56.94;https://raw.githubusercontent.com/PokeAPI/sprites/master/sprites/pokemon/213.png;False;False;True;True
Heracross;214;175;540;15;310;bug;fighting;24.0;https://raw.githubusercontent.com/PokeAPI/sprites/master/sprites/pokemon/214.png;False;False;True;True
Sneasel;215;86;280;9;312;dark;ice;34.57;https://raw.githubusercontent.com/PokeAPI/sprites/master/sprites/pokemon/215.png;False;False;True;True
Teddiursa;216;66;88;6;314;normal;;24.44;https://raw.githubusercontent.com/PokeAPI/sprites/master/sprites/pokemon/216.png;False;False;True;True
Ursaring;217;175;1258;18;315;normal;;38.83;https://raw.githubusercontent.com/PokeAPI/sprites/master/sprites/pokemon/217.png;False;False;True;True
Slugma;218;50;350;7;316;fire;;71.43;https://raw.githubusercontent.com/PokeAPI/sprites/master/sprites/pokemon/218.png;False;False;True;True
Magcargo;219;151;550;8;317;fire;rock;85.94;https://raw.githubusercontent.com/PokeAPI/sprites/master/sprites/pokemon/219.png;False;False;True;True
Swinub;220;50;65;4;318;ice;ground;40.62;https://raw.githubusercontent.com/PokeAPI/sprites/master/sprites/pokemon/220.png;False;False;True;True
Piloswine;221;158;558;11;319;ice;ground;46.12;https://raw.githubusercontent.com/PokeAPI/sprites/master/sprites/pokemon/221.png;False;False;True;True
Corsola;222;144;50;6;321;water;rock;13.89;https://raw.githubusercontent.com/PokeAPI/sprites/master/sprites/pokemon/222.png;False;False;True;True
Remoraid;223;60;120;6;323;water;;33.33;https://raw.githubusercontent.com/PokeAPI/sprites/master/sprites/pokemon/223.png;False;False;True;True
Octillery;224;168;285;9;324;water;;35.19;https://raw.githubusercontent.com/PokeAPI/sprites/master/sprites/pokemon/224.png;False;False;True;True
Delibird;225;116;160;9;325;ice;flying;19.75;https://raw.githubusercontent.com/PokeAPI/sprites/master/sprites/pokemon/225.png;False;False;True;True
Mantine;226;170;2200;21;327;water;flying;49.89;https://raw.githubusercontent.com/PokeAPI/sprites/master/sprites/pokemon/226.png;False;False;True;True
Skarmory;227;163;505;17;328;steel;flying;17.47;https://raw.githubusercontent.com/PokeAPI/sprites/master/sprites/pokemon/227.png;False;False;True;True
Houndour;228;66;108;6;329;dark;fire;30.0;https://raw.githubusercontent.com/PokeAPI/sprites/master/sprites/pokemon/228.png;False;False;True;True
Houndoom;229;175;350;14;330;dark;fire;17.86;https://raw.githubusercontent.com/PokeAPI/sprites/master/sprites/pokemon/229.png;False;False;True;True
Kingdra;230;270;1520;18;188;water;dragon;46.91;https://raw.githubusercontent.com/PokeAPI/sprites/master/sprites/pokemon/230.png;False;False;True;True
Phanpy;231;66;335;5;332;ground;;134.0;https://raw.githubusercontent.com/PokeAPI/sprites/master/sprites/pokemon/231.png;False;False;True;True
Donphan;232;175;1200;11;333;ground;;99.17;https://raw.githubusercontent.com/PokeAPI/sprites/master/sprites/pokemon/232.png;False;False;True;True
Porygon2;233;180;325;6;226;normal;;90.28;https://raw.githubusercontent.com/PokeAPI/sprites/master/sprites/pokemon/233.png;False;False;True;True
Stantler;234;163;712;14;334;normal;;36.33;https://raw.githubusercontent.com/PokeAPI/sprites/master/sprites/pokemon/234.png;False;False;True;True
Smeargle;235;88;580;12;335;normal;;40.28;https://raw.githubusercontent.com/PokeAPI/sprites/master/sprites/pokemon/235.png;False;False;True;True
Tyrogue;236;42;210;7;167;fighting;;42.86;https://raw.githubusercontent.com/PokeAPI/sprites/master/sprites/pokemon/236.png;False;False;True;True
Hitmontop;237;159;480;14;170;fighting;;24.49;https://raw.githubusercontent.com/PokeAPI/sprites/master/sprites/pokemon/237.png;False;False;True;True
Smoochum;238;61;60;4;199;ice;psychic;37.5;https://raw.githubusercontent.com/PokeAPI/sprites/master/sprites/pokemon/238.png;False;False;True;True
Elekid;239;72;235;6;201;electric;;65.28;https://raw.githubusercontent.com/PokeAPI/sprites/master/sprites/pokemon/239.png;False;False;True;True
Magby;240;73;214;7;204;fire;;43.67;https://raw.githubusercontent.com/PokeAPI/sprites/master/sprites/pokemon/240.png;False;False;True;True
Miltank;241;172;755;12;336;normal;;52.43;https://raw.githubusercontent.com/PokeAPI/sprites/master/sprites/pokemon/241.png;False;False;True;True
Blissey;242;635;468;15;181;normal;;20.8;https://raw.githubusercontent.com/PokeAPI/sprites/master/sprites/pokemon/242.png;False;False;True;True
Raikou;243;290;1780;19;337;electric;;49.31;https://raw.githubusercontent.com/PokeAPI/sprites/master/sprites/pokemon/243.png;False;False;True;True
Entei;244;290;1980;21;338;fire;;44.9;https://raw.githubusercontent.com/PokeAPI/sprites/master/sprites/pokemon/244.png;False;False;True;True
Suicune;245;290;1870;20;339;water;;46.75;https://raw.githubusercontent.com/PokeAPI/sprites/master/sprites/pokemon/245.png;False;False;True;True
Larvitar;246;60;720;6;340;rock;ground;200.0;https://raw.githubusercontent.com/PokeAPI/sprites/master/sprites/pokemon/246.png;False;False;True;True
Pupitar;247;144;1520;12;341;rock;ground;105.56;https://raw.githubusercontent.com/PokeAPI/sprites/master/sprites/pokemon/247.png;False;False;True;True
Tyranitar;248;300;2020;20;342;rock;dark;50.5;https://raw.githubusercontent.com/PokeAPI/sprites/master/sprites/pokemon/248.png;False;False;True;True
Lugia;249;340;2160;52;344;psychic;flying;7.99;https://raw.githubusercontent.com/PokeAPI/sprites/master/sprites/pokemon/249.png;False;False;True;True
Ho-oh;250;340;1990;38;345;fire;flying;13.78;https://raw.githubusercontent.com/PokeAPI/sprites/master/sprites/pokemon/250.png;False;False;True;True
Celebi;251;300;50;6;346;psychic;grass;13.89;https://raw.githubusercontent.com/PokeAPI/sprites/master/sprites/pokemon/251.png;False;False;True;True
Treecko;252;62;50;5;347;grass;;20.0;https://raw.githubusercontent.com/PokeAPI/sprites/master/sprites/pokemon/252.png;False;False;True;True
Grovyle;253;142;216;9;348;grass;;26.67;https://raw.githubusercontent.com/PokeAPI/sprites/master/sprites/pokemon/253.png;False;False;True;True
Sceptile;254;265;522;17;349;grass;;18.06;https://raw.githubusercontent.com/PokeAPI/sprites/master/sprites/pokemon/254.png;False;False;True;True
Torchic;255;62;25;4;351;fire;;15.62;https://raw.githubusercontent.com/PokeAPI/sprites/master/sprites/pokemon/255.png;False;False;True;True
Combusken;256;142;195;9;352;fire;fighting;24.07;https://raw.githubusercontent.com/PokeAPI/sprites/master/sprites/pokemon/256.png;False;False;True;True
Blaziken;257;265;520;19;353;fire;fighting;14.4;https://raw.githubusercontent.com/PokeAPI/sprites/master/sprites/pokemon/257.png;False;False;True;True
Mudkip;258;62;76;4;355;water;;47.5;https://raw.githubusercontent.com/PokeAPI/sprites/master/sprites/pokemon/258.png;False;False;True;True
Marshtomp;259;142;280;7;356;water;ground;57.14;https://raw.githubusercontent.com/PokeAPI/sprites/master/sprites/pokemon/259.png;False;False;True;True
Swampert;260;268;819;15;357;water;ground;36.4;https://raw.githubusercontent.com/PokeAPI/sprites/master/sprites/pokemon/260.png;False;False;True;True
Poochyena;261;56;136;5;359;dark;;54.4;https://raw.githubusercontent.com/PokeAPI/sprites/master/sprites/pokemon/261.png;False;False;True;True
Mightyena;262;147;370;10;360;dark;;37.0;https://raw.githubusercontent.com/PokeAPI/sprites/master/sprites/pokemon/262.png;False;False;True;True
Zigzagoon;263;56;175;4;361;normal;;109.38;https://raw.githubusercontent.com/PokeAPI/sprites/master/sprites/pokemon/263.png;False;False;True;True
Linoone;264;147;325;5;363;normal;;130.0;https://raw.githubusercontent.com/PokeAPI/sprites/master/sprites/pokemon/264.png;False;False;True;True
Wurmple;265;56;36;3;365;bug;;40.0;https://raw.githubusercontent.com/PokeAPI/sprites/master/sprites/pokemon/265.png;False;False;True;True
Silcoon;266;72;100;6;366;bug;;27.78;https://raw.githubusercontent.com/PokeAPI/sprites/master/sprites/pokemon/266.png;False;False;True;True
Beautifly;267;178;284;10;367;bug;flying;28.4;https://raw.githubusercontent.com/PokeAPI/sprites/master/sprites/pokemon/267.png;False;False;True;True
Cascoon;268;72;115;7;368;bug;;23.47;https://raw.githubusercontent.com/PokeAPI/sprites/master/sprites/pokemon/268.png;False;False;True;True
Dustox;269;173;316;12;369;bug;poison;21.94;https://raw.githubusercontent.com/PokeAPI/sprites/master/sprites/pokemon/269.png;False;False;True;True
Lotad;270;44;26;5;370;water;grass;10.4;https://raw.githubusercontent.com/PokeAPI/sprites/master/sprites/pokemon/270.png;False;False;True;True
Lombre;271;119;325;12;371;water;grass;22.57;https://raw.githubusercontent.com/PokeAPI/sprites/master/sprites/pokemon/271.png;False;False;True;True
Ludicolo;272;240;550;15;372;water;grass;24.44;https://raw.githubusercontent.com/PokeAPI/sprites/master/sprites/pokemon/272.png;False;False;True;True
Seedot;273;44;40;5;373;grass;;16.0;https://raw.githubusercontent.com/PokeAPI/sprites/master/sprites/pokemon/273.png;False;False;True;True
Nuzleaf;274;119;280;10;374;grass;dark;28.0;https://raw.githubusercontent.com/PokeAPI/sprites/master/sprites/pokemon/274.png;False;False;True;True
Shiftry;275;240;596;13;375;grass;dark;35.27;https://raw.githubusercontent.com/PokeAPI/sprites/master/sprites/pokemon/275.png;False;False;True;True
Taillow;276;54;23;3;376;normal;flying;25.56;https://raw.githubusercontent.com/PokeAPI/sprites/master/sprites/pokemon/276.png;False;False;True;True
Swellow;277;159;198;7;377;normal;flying;40.41;https://raw.githubusercontent.com/PokeAPI/sprites/master/sprites/pokemon/277.png;False;False;True;True
Wingull;278;54;95;6;378;water;flying;26.39;https://raw.githubusercontent.com/PokeAPI/sprites/master/sprites/pokemon/278.png;False;False;True;True
Pelipper;279;154;280;12;379;water;flying;19.44;https://raw.githubusercontent.com/PokeAPI/sprites/master/sprites/pokemon/279.png;False;False;True;True
Ralts;280;40;66;4;380;psychic;fairy;41.25;https://raw.githubusercontent.com/PokeAPI/sprites/master/sprites/pokemon/280.png;False;False;True;True
Kirlia;281;97;202;8;381;psychic;fairy;31.56;https://raw.githubusercontent.com/PokeAPI/sprites/master/sprites/pokemon/281.png;False;False;True;True
Gardevoir;282;259;484;16;382;psychic;fairy;18.91;https://raw.githubusercontent.com/PokeAPI/sprites/master/sprites/pokemon/282.png;False;False;True;True
Surskit;283;54;17;5;386;bug;water;6.8;https://raw.githubusercontent.com/PokeAPI/sprites/master/sprites/pokemon/283.png;False;False;True;True
Masquerain;284;159;36;8;387;bug;flying;5.62;https://raw.githubusercontent.com/PokeAPI/sprites/master/sprites/pokemon/284.png;False;False;True;True
Shroomish;285;59;45;4;388;grass;;28.12;https://raw.githubusercontent.com/PokeAPI/sprites/master/sprites/pokemon/285.png;False;False;True;True
Breloom;286;161;392;12;389;grass;fighting;27.22;https://raw.githubusercontent.com/PokeAPI/sprites/master/sprites/pokemon/286.png;False;False;True;True
Slakoth;287;56;240;8;390;normal;;37.5;https://raw.githubusercontent.com/PokeAPI/sprites/master/sprites/pokemon/287.png;False;False;True;True
Vigoroth;288;154;465;14;391;normal;;23.72;https://raw.githubusercontent.com/PokeAPI/sprites/master/sprites/pokemon/288.png;False;False;True;True
Slaking;289;252;1305;20;392;normal;;32.62;https://raw.githubusercontent.com/PokeAPI/sprites/master/sprites/pokemon/289.png;False;False;True;True
Nincada;290;53;55;5;393;bug;ground;22.0;https://raw.githubusercontent.com/PokeAPI/sprites/master/sprites/pokemon/290.png;False;False;True;True
Ninjask;291;160;120;8;394;bug;flying;18.75;https://raw.githubusercontent.com/PokeAPI/sprites/master/sprites/pokemon/291.png;False;False;True;True
Shedinja;292;83;12;8;395;bug;ghost;1.88;https://raw.githubusercontent.com/PokeAPI/sprites/master/sprites/pokemon/292.png;False;False;True;True
Whismur;293;48;163;6;396;normal;;45.28;https://raw.githubusercontent.com/PokeAPI/sprites/master/sprites/pokemon/293.png;False;False;True;True
Loudred;294;126;405;10;397;normal;;40.5;https://raw.githubusercontent.com/PokeAPI/sprites/master/sprites/pokemon/294.png;False;False;True;True
Exploud;295;245;840;15;398;normal;;37.33;https://raw.githubusercontent.com/PokeAPI/sprites/master/sprites/pokemon/295.png;False;False;True;True
Makuhita;296;47;864;10;399;fighting;;86.4;https://raw.githubusercontent.com/PokeAPI/sprites/master/sprites/pokemon/296.png;False;False;True;True
Hariyama;297;166;2538;23;400;fighting;;47.98;https://raw.githubusercontent.com/PokeAPI/sprites/master/sprites/pokemon/297.png;False;False;True;True
Azurill;298;38;20;2;277;normal;fairy;50.0;https://raw.githubusercontent.com/PokeAPI/sprites/master/sprites/pokemon/298.png;False;False;True;True
Nosepass;299;75;970;10;401;rock;;97.0;https://raw.githubusercontent.com/PokeAPI/sprites/master/sprites/pokemon/299.png;False;False;True;True
Skitty;300;52;110;6;403;normal;;30.56;https://raw.githubusercontent.com/PokeAPI/sprites/master/sprites/pokemon/300.png;False;False;True;True
Delcatty;301;140;326;11;404;normal;;26.94;https://raw.githubusercontent.com/PokeAPI/sprites/master/sprites/pokemon/301.png;False;False;True;True
Sableye;302;133;110;5;405;dark;ghost;44.0;https://raw.githubusercontent.com/PokeAPI/sprites/master/sprites/pokemon/302.png;False;False;True;True
Mawile;303;133;115;6;407;steel;fairy;31.94;https://raw.githubusercontent.com/PokeAPI/sprites/master/sprites/pokemon/303.png;False;False;True;True
Aron;304;66;600;4;409;steel;rock;375.0;https://raw.githubusercontent.com/PokeAPI/sprites/master/sprites/pokemon/304.png;False;False;True;True
Lairon;305;151;1200;9;410;steel;rock;148.15;https://raw.githubusercontent.com/PokeAPI/sprites/master/sprites/pokemon/305.png;False;False;True;True
Aggron;306;265;3600;21;411;steel;rock;81.63;https://raw.githubusercontent.com/PokeAPI/sprites/master/sprites/pokemon/306.png;False;False;True;True
Meditite;307;56;112;6;413;fighting;psychic;31.11;https://raw.githubusercontent.com/PokeAPI/sprites/master/sprites/pokemon/307.png;False;False;True;True
Medicham;308;144;315;13;414;fighting;psychic;18.64;https://raw.githubusercontent.com/PokeAPI/sprites/master/sprites/pokemon/308.png;False;False;True;True
Electrike;309;59;152;6;416;electric;;42.22;https://raw.githubusercontent.com/PokeAPI/sprites/master/sprites/pokemon/309.png;False;False;True;True
Manectric;310;166;402;15;417;electric;;17.87;https://raw.githubusercontent.com/PokeAPI/sprites/master/sprites/pokemon/310.png;False;False;True;True
Plusle;311;142;42;4;419;electric;;26.25;https://raw.githubusercontent.com/PokeAPI/sprites/master/sprites/pokemon/311.png;False;False;True;True
Minun;312;142;42;4;420;electric;;26.25;https://raw.githubusercontent.com/PokeAPI/sprites/master/sprites/pokemon/312.png;False;False;True;True
Volbeat;313;151;177;7;421;bug;;36.12;https://raw.githubusercontent.com/PokeAPI/sprites/master/sprites/pokemon/313.png;False;False;True;True
Illumise;314;151;177;6;422;bug;;49.17;https://raw.githubusercontent.com/PokeAPI/sprites/master/sprites/pokemon/314.png;False;False;True;True
Roselia;315;140;20;3;424;grass;poison;22.22;https://raw.githubusercontent.com/PokeAPI/sprites/master/sprites/pokemon/315.png;False;False;True;True
Gulpin;316;60;103;4;426;poison;;64.38;https://raw.githubusercontent.com/PokeAPI/sprites/master/sprites/pokemon/316.png;False;False;True;True
Swalot;317;163;800;17;427;poison;;27.68;https://raw.githubusercontent.com/PokeAPI/sprites/master/sprites/pokemon/317.png;False;False;True;True
Carvanha;318;61;208;8;428;water;dark;32.5;https://raw.githubusercontent.com/PokeAPI/sprites/master/sprites/pokemon/318.png;False;False;True;True
Sharpedo;319;161;888;18;429;water;dark;27.41;https://raw.githubusercontent.com/PokeAPI/sprites/master/sprites/pokemon/319.png;False;False;True;True
Wailmer;320;80;1300;20;431;water;;32.5;https://raw.githubusercontent.com/PokeAPI/sprites/master/sprites/pokemon/320.png;False;False;True;True
Wailord;321;175;3980;145;432;water;;1.89;https://raw.githubusercontent.com/PokeAPI/sprites/master/sprites/pokemon/321.png;False;False;True;True
Numel;322;61;240;7;433;fire;ground;48.98;https://raw.githubusercontent.com/PokeAPI/sprites/master/sprites/pokemon/322.png;False;False;True;True
Camerupt;323;161;2200;19;434;fire;ground;60.94;https://raw.githubusercontent.com/PokeAPI/sprites/master/sprites/pokemon/323.png;False;False;True;True
Torkoal;324;165;804;5;436;fire;;321.6;https://raw.githubusercontent.com/PokeAPI/sprites/master/sprites/pokemon/324.png;False;False;True;True
Spoink;325;66;306;7;437;psychic;;62.45;https://raw.githubusercontent.com/PokeAPI/sprites/master/sprites/pokemon/325.png;False;False;True;True
Grumpig;326;165;715;9;438;psychic;;88.27;https://raw.githubusercontent.com/PokeAPI/sprites/master/sprites/pokemon/326.png;False;False;True;True
Spinda;327;126;50;11;439;normal;;4.13;https://raw.githubusercontent.com/PokeAPI/sprites/master/sprites/pokemon/327.png;False;False;True;True
Trapinch;328;58;150;7;440;ground;;30.61;https://raw.githubusercontent.com/PokeAPI/sprites/master/sprites/pokemon/328.png;False;False;True;True
Vibrava;329;119;153;11;441;ground;dragon;12.64;https://raw.githubusercontent.com/PokeAPI/sprites/master/sprites/pokemon/329.png;False;False;True;True
Flygon;330;260;820;20;442;ground;dragon;20.5;https://raw.githubusercontent.com/PokeAPI/sprites/master/sprites/pokemon/330.png;False;False;True;True
Cacnea;331;67;513;4;443;grass;;320.62;https://raw.githubusercontent.com/PokeAPI/sprites/master/sprites/pokemon/331.png;False;False;True;True
Cacturne;332;166;774;13;444;grass;dark;45.8;https://raw.githubusercontent.com/PokeAPI/sprites/master/sprites/pokemon/332.png;False;False;True;True
Swablu;333;62;12;4;445;normal;flying;7.5;https://raw.githubusercontent.com/PokeAPI/sprites/master/sprites/pokemon/333.png;False;False;True;True
Altaria;334;172;206;11;446;dragon;flying;17.02;https://raw.githubusercontent.com/PokeAPI/sprites/master/sprites/pokemon/334.png;False;False;True;True
Zangoose;335;160;403;13;448;normal;;23.85;https://raw.githubusercontent.com/PokeAPI/sprites/master/sprites/pokemon/335.png;False;False;True;True
Seviper;336;160;525;27;449;poison;;7.2;https://raw.githubusercontent.com/PokeAPI/sprites/master/sprites/pokemon/336.png;False;False;True;True
Lunatone;337;161;1680;10;450;rock;psychic;168.0;https://raw.githubusercontent.com/PokeAPI/sprites/master/sprites/pokemon/337.png;False;False;True;True
Solrock;338;161;1540;12;451;rock;psychic;106.94;https://raw.githubusercontent.com/PokeAPI/sprites/master/sprites/pokemon/338.png;False;False;True;True
Barboach;339;58;19;4;452;water;ground;11.88;https://raw.githubusercontent.com/PokeAPI/sprites/master/sprites/pokemon/339.png;False;False;True;True
Whiscash;340;164;236;9;453;water;ground;29.14;https://raw.githubusercontent.com/PokeAPI/sprites/master/sprites/pokemon/340.png;False;False;True;True
Corphish;341;62;115;6;454;water;;31.94;https://raw.githubusercontent.com/PokeAPI/sprites/master/sprites/pokemon/341.png;False;False;True;True
Crawdaunt;342;164;328;11;455;water;dark;27.11;https://raw.githubusercontent.com/PokeAPI/sprites/master/sprites/pokemon/342.png;False;False;True;True
Baltoy;343;60;215;5;456;ground;psychic;86.0;https://raw.githubusercontent.com/PokeAPI/sprites/master/sprites/pokemon/343.png;False;False;True;True
Claydol;344;175;1080;15;457;ground;psychic;48.0;https://raw.githubusercontent.com/PokeAPI/sprites/master/sprites/pokemon/344.png;False;False;True;True
Lileep;345;71;238;10;458;rock;grass;23.8;https://raw.githubusercontent.com/PokeAPI/sprites/master/sprites/pokemon/345.png;False;False;True;True
Cradily;346;173;604;15;459;rock;grass;26.84;https://raw.githubusercontent.com/PokeAPI/sprites/master/sprites/pokemon/346.png;False;False;True;True
Anorith;347;71;125;7;460;rock;bug;25.51;https://raw.githubusercontent.com/PokeAPI/sprites/master/sprites/pokemon/347.png;False;False;True;True
Armaldo;348;173;682;15;461;rock;bug;30.31;https://raw.githubusercontent.com/PokeAPI/sprites/master/sprites/pokemon/348.png;False;False;True;True
Feebas;349;40;74;6;462;water;;20.56;https://raw.githubusercontent.com/PokeAPI/sprites/master/sprites/pokemon/349.png;False;False;True;True
Milotic;350;189;1620;62;463;water;;4.21;https://raw.githubusercontent.com/PokeAPI/sprites/master/sprites/pokemon/350.png;False;False;True;True
Castform;351;147;8;3;464;normal;;8.89;https://raw.githubusercontent.com/PokeAPI/sprites/master/sprites/pokemon/351.png;False;False;True;True
Kecleon;352;154;220;10;468;normal;;22.0;https://raw.githubusercontent.com/PokeAPI/sprites/master/sprites/pokemon/352.png;False;False;True;True
Shuppet;353;59;23;6;469;ghost;;6.39;https://raw.githubusercontent.com/PokeAPI/sprites/master/sprites/pokemon/353.png;False;False;True;True
Banette;354;159;125;11;470;ghost;;10.33;https://raw.githubusercontent.com/PokeAPI/sprites/master/sprites/pokemon/354.png;False;False;True;True
Duskull;355;59;150;8;472;ghost;;23.44;https://raw.githubusercontent.com/PokeAPI/sprites/master/sprites/pokemon/355.png;False;False;True;True
Dusclops;356;159;306;16;473;ghost;;11.95;https://raw.githubusercontent.com/PokeAPI/sprites/master/sprites/pokemon/356.png;False;False;True;True
Tropius;357;161;1000;20;475;grass;flying;25.0;https://raw.githubusercontent.com/PokeAPI/sprites/master/sprites/pokemon/357.png;False;False;True;True
Chimecho;358;159;10;6;477;psychic;;2.78;https://raw.githubusercontent.com/PokeAPI/sprites/master/sprites/pokemon/358.png;False;False;True;True
Absol;359;163;470;12;478;dark;;32.64;https://raw.githubusercontent.com/PokeAPI/sprites/master/sprites/pokemon/359.png;False;False;True;True
Wynaut;360;52;140;6;298;psychic;;38.89;https://raw.githubusercontent.com/PokeAPI/sprites/master/sprites/pokemon/360.png;False;False;True;True
Snorunt;361;60;168;7;480;ice;;34.29;https://raw.githubusercontent.com/PokeAPI/sprites/master/sprites/pokemon/361.png;False;False;True;True
Glalie;362;168;2565;15;481;ice;;114.0;https://raw.githubusercontent.com/PokeAPI/sprites/master/sprites/pokemon/362.png;False;False;True;True
Spheal;363;58;395;8;484;ice;water;61.72;https://raw.githubusercontent.com/PokeAPI/sprites/master/sprites/pokemon/363.png;False;False;True;True
Sealeo;364;144;876;11;485;ice;water;72.4;https://raw.githubusercontent.com/PokeAPI/sprites/master/sprites/pokemon/364.png;False;False;True;True
Walrein;365;265;1506;14;486;ice;water;76.84;https://raw.githubusercontent.com/PokeAPI/sprites/master/sprites/pokemon/365.png;False;False;True;True
Clamperl;366;69;525;4;487;water;;328.12;https://raw.githubusercontent.com/PokeAPI/sprites/master/sprites/pokemon/366.png;False;False;True;True
Huntail;367;170;270;17;488;water;;9.34;https://raw.githubusercontent.com/PokeAPI/sprites/master/sprites/pokemon/367.png;False;False;True;True
Gorebyss;368;170;226;18;489;water;;6.98;https://raw.githubusercontent.com/PokeAPI/sprites/master/sprites/pokemon/368.png;False;False;True;True
Relicanth;369;170;234;10;490;water;rock;23.4;https://raw.githubusercontent.com/PokeAPI/sprites/master/sprites/pokemon/369.png;False;False;True;True
Luvdisc;370;116;87;6;491;water;;24.17;https://raw.githubusercontent.com/PokeAPI/sprites/master/sprites/pokemon/370.png;False;False;True;True
Bagon;371;60;421;6;492;dragon;;116.94;https://raw.githubusercontent.com/PokeAPI/sprites/master/sprites/pokemon/371.png;False;False;True;True
Shelgon;372;147;1105;11;493;dragon;;91.32;https://raw.githubusercontent.com/PokeAPI/sprites/master/sprites/pokemon/372.png;False;False;True;True
Salamence;373;300;1026;15;494;dragon;flying;45.6;https://raw.githubusercontent.com/PokeAPI/sprites/master/sprites/pokemon/373.png;False;False;True;True
Beldum;374;60;952;6;496;steel;psychic;264.44;https://raw.githubusercontent.com/PokeAPI/sprites/master/sprites/pokemon/374.png;False;False;True;True
Metang;375;147;2025;12;497;steel;psychic;140.62;https://raw.githubusercontent.com/PokeAPI/sprites/master/sprites/pokemon/375.png;False;False;True;True
Metagross;376;300;5500;16;498;steel;psychic;214.84;https://raw.githubusercontent.com/PokeAPI/sprites/master/sprites/pokemon/376.png;False;False;True;True
Regirock;377;290;2300;17;500;rock;;79.58;https://raw.githubusercontent.com/PokeAPI/sprites/master/sprites/pokemon/377.png;False;False;True;True
Regice;378;290;1750;18;501;ice;;54.01;https://raw.githubusercontent.com/PokeAPI/sprites/master/sprites/pokemon/378.png;False;False;True;True
Registeel;379;290;2050;19;502;steel;;56.79;https://raw.githubusercontent.com/PokeAPI/sprites/master/sprites/pokemon/379.png;False;False;True;True
Latias;380;300;400;14;503;dragon;psychic;20.41;https://raw.githubusercontent.com/PokeAPI/sprites/master/sprites/pokemon/380.png;False;False;True;True
Latios;381;300;600;20;505;dragon;psychic;15.0;https://raw.githubusercontent.com/PokeAPI/sprites/master/sprites/pokemon/381.png;False;False;True;True
Kyogre;382;335;3520;45;507;water;;17.38;https://raw.githubusercontent.com/PokeAPI/sprites/master/sprites/pokemon/382.png;False;False;True;True
Groudon;383;335;9500;35;509;ground;;77.55;https://raw.githubusercontent.com/PokeAPI/sprites/master/sprites/pokemon/383.png;False;False;True;True
Rayquaza;384;340;2065;70;511;dragon;flying;4.21;https://raw.githubusercontent.com/PokeAPI/sprites/master/sprites/pokemon/384.png;False;False;True;True
Jirachi;385;300;11;3;513;steel;psychic;12.22;https://raw.githubusercontent.com/PokeAPI/sprites/master/sprites/pokemon/385.png;False;False;True;True
Deoxys-normal;386;270;608;17;514;psychic;;21.04;https://raw.githubusercontent.com/PokeAPI/sprites/master/sprites/pokemon/386.png;False;False;False;True
Turtwig;387;64;102;4;518;grass;;63.75;https://raw.githubusercontent.com/PokeAPI/sprites/master/sprites/pokemon/387.png;False;False;False;True
Grotle;388;142;970;11;519;grass;;80.17;https://raw.githubusercontent.com/PokeAPI/sprites/master/sprites/pokemon/388.png;False;False;False;True
Torterra;389;236;3100;22;520;grass;ground;64.05;https://raw.githubusercontent.com/PokeAPI/sprites/master/sprites/pokemon/389.png;False;False;False;True
Chimchar;390;62;62;5;521;fire;;24.8;https://raw.githubusercontent.com/PokeAPI/sprites/master/sprites/pokemon/390.png;False;False;False;True
Monferno;391;142;220;9;522;fire;fighting;27.16;https://raw.githubusercontent.com/PokeAPI/sprites/master/sprites/pokemon/391.png;False;False;False;True
Infernape;392;240;550;12;523;fire;fighting;38.19;https://raw.githubusercontent.com/PokeAPI/sprites/master/sprites/pokemon/392.png;False;False;False;True
Piplup;393;63;52;4;524;water;;32.5;https://raw.githubusercontent.com/PokeAPI/sprites/master/sprites/pokemon/393.png;False;False;False;True
Prinplup;394;142;230;8;525;water;;35.94;https://raw.githubusercontent.com/PokeAPI/sprites/master/sprites/pokemon/394.png;False;False;False;True
Empoleon;395;239;845;17;526;water;steel;29.24;https://raw.githubusercontent.com/PokeAPI/sprites/master/sprites/pokemon/395.png;False;False;False;True
Starly;396;49;20;3;527;normal;flying;22.22;https://raw.githubusercontent.com/PokeAPI/sprites/master/sprites/pokemon/396.png;False;False;False;True
Staravia;397;119;155;6;528;normal;flying;43.06;https://raw.githubusercontent.com/PokeAPI/sprites/master/sprites/pokemon/397.png;False;False;False;True
Staraptor;398;218;249;12;529;normal;flying;17.29;https://raw.githubusercontent.com/PokeAPI/sprites/master/sprites/pokemon/398.png;False;False;False;True
Bidoof;399;50;200;5;530;normal;;80.0;https://raw.githubusercontent.com/PokeAPI/sprites/master/sprites/pokemon/399.png;False;False;False;True
Bibarel;400;144;315;10;531;normal;water;31.5;https://raw.githubusercontent.com/PokeAPI/sprites/master/sprites/pokemon/400.png;False;False;False;True
Kricketot;401;39;22;3;532;bug;;24.44;https://raw.githubusercontent.com/PokeAPI/sprites/master/sprites/pokemon/401.png;False;False;False;True
Kricketune;402;134;255;10;533;bug;;25.5;https://raw.githubusercontent.com/PokeAPI/sprites/master/sprites/pokemon/402.png;False;False;False;True
Shinx;403;53;95;5;534;electric;;38.0;https://raw.githubusercontent.com/PokeAPI/sprites/master/sprites/pokemon/403.png;False;False;False;True
Luxio;404;127;305;9;535;electric;;37.65;https://raw.githubusercontent.com/PokeAPI/sprites/master/sprites/pokemon/404.png;False;False;False;True
Luxray;405;262;420;14;536;electric;;21.43;https://raw.githubusercontent.com/PokeAPI/sprites/master/sprites/pokemon/405.png;False;False;False;True
Budew;406;56;12;2;423;grass;poison;30.0;https://raw.githubusercontent.com/PokeAPI/sprites/master/sprites/pokemon/406.png;False;False;False;True
Roserade;407;258;145;9;425;grass;poison;17.9;https://raw.githubusercontent.com/PokeAPI/sprites/master/sprites/pokemon/407.png;False;False;False;True
Cranidos;408;70;315;9;537;rock;;38.89;https://raw.githubusercontent.com/PokeAPI/sprites/master/sprites/pokemon/408.png;False;False;False;True
Rampardos;409;173;1025;16;538;rock;;40.04;https://raw.githubusercontent.com/PokeAPI/sprites/master/sprites/pokemon/409.png;False;False;False;True
Shieldon;410;70;570;5;539;rock;steel;228.0;https://raw.githubusercontent.com/PokeAPI/sprites/master/sprites/pokemon/410.png;False;False;False;True
Bastiodon;411;173;1495;13;540;rock;steel;88.46;https://raw.githubusercontent.com/PokeAPI/sprites/master/sprites/pokemon/411.png;False;False;False;True
Burmy;412;45;34;2;541;bug;;85.0;https://raw.githubusercontent.com/PokeAPI/sprites/master/sprites/pokemon/412.png;False;False;False;True
Wormadam-plant;413;148;65;5;542;bug;grass;26.0;https://raw.githubusercontent.com/PokeAPI/sprites/master/sprites/pokemon/413.png;False;False;False;True
Mothim;414;148;233;9;545;bug;flying;28.77;https://raw.githubusercontent.com/PokeAPI/sprites/master/sprites/pokemon/414.png;False;False;False;True
Combee;415;49;55;3;546;bug;flying;61.11;https://raw.githubusercontent.com/PokeAPI/sprites/master/sprites/pokemon/415.png;False;False;False;True
Vespiquen;416;166;385;12;547;bug;flying;26.74;https://raw.githubusercontent.com/PokeAPI/sprites/master/sprites/pokemon/416.png;False;False;False;True
Pachirisu;417;142;39;4;548;electric;;24.38;https://raw.githubusercontent.com/PokeAPI/sprites/master/sprites/pokemon/417.png;False;False;False;True
Buizel;418;66;295;7;549;water;;60.2;https://raw.githubusercontent.com/PokeAPI/sprites/master/sprites/pokemon/418.png;False;False;False;True
Floatzel;419;173;335;11;550;water;;27.69;https://raw.githubusercontent.com/PokeAPI/sprites/master/sprites/pokemon/419.png;False;False;False;True
Cherubi;420;55;33;4;551;grass;;20.62;https://raw.githubusercontent.com/PokeAPI/sprites/master/sprites/pokemon/420.png;False;False;False;True
Cherrim;421;158;93;5;552;grass;;37.2;https://raw.githubusercontent.com/PokeAPI/sprites/master/sprites/pokemon/421.png;False;False;False;True
Shellos;422;65;63;3;553;water;;70.0;https://raw.githubusercontent.com/PokeAPI/sprites/master/sprites/pokemon/422.png;False;False;False;True
Gastrodon;423;166;299;9;554;water;ground;36.91;https://raw.githubusercontent.com/PokeAPI/sprites/master/sprites/pokemon/423.png;False;False;False;True
Ambipom;424;169;203;12;286;normal;;14.1;https://raw.githubusercontent.com/PokeAPI/sprites/master/sprites/pokemon/424.png;False;False;False;True
Drifloon;425;70;12;4;555;ghost;flying;7.5;https://raw.githubusercontent.com/PokeAPI/sprites/master/sprites/pokemon/425.png;False;False;False;True
Drifblim;426;174;150;12;556;ghost;flying;10.42;https://raw.githubusercontent.com/PokeAPI/sprites/master/sprites/pokemon/426.png;False;False;False;True
Buneary;427;70;55;4;557;normal;;34.38;https://raw.githubusercontent.com/PokeAPI/sprites/master/sprites/pokemon/427.png;False;False;False;True
Lopunny;428;168;333;12;558;normal;;23.12;https://raw.githubusercontent.com/PokeAPI/sprites/master/sprites/pokemon/428.png;False;False;False;True
Mismagius;429;173;44;9;296;ghost;;5.43;https://raw.githubusercontent.com/PokeAPI/sprites/master/sprites/pokemon/429.png;False;False;False;True
Honchkrow;430;177;273;9;294;dark;flying;33.7;https://raw.githubusercontent.com/PokeAPI/sprites/master/sprites/pokemon/430.png;False;False;False;True
Glameow;431;62;39;5;560;normal;;15.6;https://raw.githubusercontent.com/PokeAPI/sprites/master/sprites/pokemon/431.png;False;False;False;True
Purugly;432;158;438;10;561;normal;;43.8;https://raw.githubusercontent.com/PokeAPI/sprites/master/sprites/pokemon/432.png;False;False;False;True
Chingling;433;57;6;2;476;psychic;;15.0;https://raw.githubusercontent.com/PokeAPI/sprites/master/sprites/pokemon/433.png;False;False;False;True
Stunky;434;66;192;4;562;poison;dark;120.0;https://raw.githubusercontent.com/PokeAPI/sprites/master/sprites/pokemon/434.png;False;False;False;True
Skuntank;435;168;380;10;563;poison;dark;38.0;https://raw.githubusercontent.com/PokeAPI/sprites/master/sprites/pokemon/435.png;False;False;False;True
Bronzor;436;60;605;5;564;steel;psychic;242.0;https://raw.githubusercontent.com/PokeAPI/sprites/master/sprites/pokemon/436.png;False;False;False;True
Bronzong;437;175;1870;13;565;steel;psychic;110.65;https://raw.githubusercontent.com/PokeAPI/sprites/master/sprites/pokemon/437.png;False;False;False;True
Bonsly;438;58;150;5;280;rock;;60.0;https://raw.githubusercontent.com/PokeAPI/sprites/master/sprites/pokemon/438.png;False;False;False;True
Mime-jr;439;62;130;6;193;psychic;fairy;36.11;https://raw.githubusercontent.com/PokeAPI/sprites/master/sprites/pokemon/439.png;False;False;False;True
Happiny;440;110;244;6;179;normal;;67.78;https://raw.githubusercontent.com/PokeAPI/sprites/master/sprites/pokemon/440.png;False;False;False;True
Chatot;441;144;19;5;566;normal;flying;7.6;https://raw.githubusercontent.com/PokeAPI/sprites/master/sprites/pokemon/441.png;False;False;False;True
Spiritomb;442;170;1080;10;567;ghost;dark;108.0;https://raw.githubusercontent.com/PokeAPI/sprites/master/sprites/pokemon/442.png;False;False;False;True
Gible;443;60;205;7;568;dragon;ground;41.84;https://raw.githubusercontent.com/PokeAPI/sprites/master/sprites/pokemon/443.png;False;False;False;True
Gabite;444;144;560;14;569;dragon;ground;28.57;https://raw.githubusercontent.com/PokeAPI/sprites/master/sprites/pokemon/444.png;False;False;False;True
Garchomp;445;300;950;19;570;dragon;ground;26.32;https://raw.githubusercontent.com/PokeAPI/sprites/master/sprites/pokemon/445.png;False;False;False;True
Munchlax;446;78;1050;6;234;normal;;291.67;https://raw.githubusercontent.com/PokeAPI/sprites/master/sprites/pokemon/446.png;False;False;False;True
Riolu;447;57;202;7;572;fighting;;41.22;https://raw.githubusercontent.com/PokeAPI/sprites/master/sprites/pokemon/447.png;False;False;False;True
Lucario;448;184;540;12;573;fighting;steel;37.5;https://raw.githubusercontent.com/PokeAPI/sprites/master/sprites/pokemon/448.png;False;False;False;True
Hippopotas;449;66;495;8;575;ground;;77.34;https://raw.githubusercontent.com/PokeAPI/sprites/master/sprites/pokemon/449.png;False;False;False;True
Hippowdon;450;184;3000;20;576;ground;;75.0;https://raw.githubusercontent.com/PokeAPI/sprites/master/sprites/pokemon/450.png;False;False;False;True
Skorupi;451;66;120;8;577;poison;bug;18.75;https://raw.githubusercontent.com/PokeAPI/sprites/master/sprites/pokemon/451.png;False;False;False;True
Drapion;452;175;615;13;578;poison;dark;36.39;https://raw.githubusercontent.com/PokeAPI/sprites/master/sprites/pokemon/452.png;False;False;False;True
Croagunk;453;60;230;7;579;poison;fighting;46.94;https://raw.githubusercontent.com/PokeAPI/sprites/master/sprites/pokemon/453.png;False;False;False;True
Toxicroak;454;172;444;13;580;poison;fighting;26.27;https://raw.githubusercontent.com/PokeAPI/sprites/master/sprites/pokemon/454.png;False;False;False;True
Carnivine;455;159;270;14;581;grass;;13.78;https://raw.githubusercontent.com/PokeAPI/sprites/master/sprites/pokemon/455.png;False;False;False;True
Finneon;456;66;70;4;582;water;;43.75;https://raw.githubusercontent.com/PokeAPI/sprites/master/sprites/pokemon/456.png;False;False;False;True
Lumineon;457;161;240;12;583;water;;16.67;https://raw.githubusercontent.com/PokeAPI/sprites/master/sprites/pokemon/457.png;False;False;False;True
Mantyke;458;69;650;10;326;water;flying;65.0;https://raw.githubusercontent.com/PokeAPI/sprites/master/sprites/pokemon/458.png;False;False;False;True
Snover;459;67;505;10;584;grass;ice;50.5;https://raw.githubusercontent.com/PokeAPI/sprites/master/sprites/pokemon/459.png;False;False;False;True
Abomasnow;460;173;1355;22;585;grass;ice;28.0;https://raw.githubusercontent.com/PokeAPI/sprites/master/sprites/pokemon/460.png;False;False;False;True
Weavile;461;179;340;11;313;dark;ice;28.1;https://raw.githubusercontent.com/PokeAPI/sprites/master/sprites/pokemon/461.png;False;False;False;True
Magnezone;462;268;1800;12;134;electric;steel;125.0;https://raw.githubusercontent.com/PokeAPI/sprites/master/sprites/pokemon/462.png;False;False;False;True
Lickilicky;463;180;1400;17;172;normal;;48.44;https://raw.githubusercontent.com/PokeAPI/sprites/master/sprites/pokemon/463.png;False;False;False;True
Rhyperior;464;268;2828;24;178;ground;rock;49.1;https://raw.githubusercontent.com/PokeAPI/sprites/master/sprites/pokemon/464.png;False;False;False;True
Tangrowth;465;187;1286;20;183;grass;;32.15;https://raw.githubusercontent.com/PokeAPI/sprites/master/sprites/pokemon/465.png;False;False;False;True
Electivire;466;270;1386;18;203;electric;;42.78;https://raw.githubusercontent.com/PokeAPI/sprites/master/sprites/pokemon/466.png;False;False;False;True
Magmortar;467;270;680;16;206;fire;;26.56;https://raw.githubusercontent.com/PokeAPI/sprites/master/sprites/pokemon/467.png;False;False;False;True
Togekiss;468;273;380;15;270;fairy;flying;16.89;https://raw.githubusercontent.com/PokeAPI/sprites/master/sprites/pokemon/468.png;False;False;False;True
Yanmega;469;180;515;19;290;bug;flying;14.27;https://raw.githubusercontent.com/PokeAPI/sprites/master/sprites/pokemon/469.png;False;False;False;True
Leafeon;470;184;255;10;222;grass;;25.5;https://raw.githubusercontent.com/PokeAPI/sprites/master/sprites/pokemon/470.png;False;False;False;True
Glaceon;471;184;259;8;223;ice;;40.47;https://raw.githubusercontent.com/PokeAPI/sprites/master/sprites/pokemon/471.png;False;False;False;True
Gliscor;472;179;425;20;305;ground;flying;10.62;https://raw.githubusercontent.com/PokeAPI/sprites/master/sprites/pokemon/472.png;False;False;False;True
Mamoswine;473;265;2910;25;320;ice;ground;46.56;https://raw.githubusercontent.com/PokeAPI/sprites/master/sprites/pokemon/473.png;False;False;False;True
Porygon-z;474;268;340;9;227;normal;;41.98;https://raw.githubusercontent.com/PokeAPI/sprites/master/sprites/pokemon/474.png;False;False;False;True
Gallade;475;259;520;16;384;psychic;fighting;20.31;https://raw.githubusercontent.com/PokeAPI/sprites/master/sprites/pokemon/475.png;False;False;False;True
Probopass;476;184;3400;14;402;rock;steel;173.47;https://raw.githubusercontent.com/PokeAPI/sprites/master/sprites/pokemon/476.png;False;False;False;True
Dusknoir;477;263;1066;22;474;ghost;;22.02;https://raw.githubusercontent.com/PokeAPI/sprites/master/sprites/pokemon/477.png;False;False;False;True
Froslass;478;168;266;13;483;ice;ghost;15.74;https://raw.githubusercontent.com/PokeAPI/sprites/master/sprites/pokemon/478.png;False;False;False;True
Rotom;479;154;3;3;587;electric;ghost;3.33;https://raw.githubusercontent.com/PokeAPI/sprites/master/sprites/pokemon/479.png;False;False;False;True
Uxie;480;290;3;3;593;psychic;;3.33;https://raw.githubusercontent.com/PokeAPI/sprites/master/sprites/pokemon/480.png;False;False;False;True
Mesprit;481;290;3;3;594;psychic;;3.33;https://raw.githubusercontent.com/PokeAPI/sprites/master/sprites/pokemon/481.png;False;False;False;True
Azelf;482;290;3;3;595;psychic;;3.33;https://raw.githubusercontent.com/PokeAPI/sprites/master/sprites/pokemon/482.png;False;False;False;True
Dialga;483;340;6830;54;596;steel;dragon;23.42;https://raw.githubusercontent.com/PokeAPI/sprites/master/sprites/pokemon/483.png;False;False;False;True
Palkia;484;340;3360;42;597;water;dragon;19.05;https://raw.githubusercontent.com/PokeAPI/sprites/master/sprites/pokemon/484.png;False;False;False;True
Heatran;485;300;4300;17;598;fire;steel;148.79;https://raw.githubusercontent.com/PokeAPI/sprites/master/sprites/pokemon/485.png;False;False;False;True
Regigigas;486;335;4200;37;599;normal;;30.68;https://raw.githubusercontent.com/PokeAPI/sprites/master/sprites/pokemon/486.png;False;False;False;True
Giratina-altered;487;340;7500;45;600;ghost;dragon;37.04;https://raw.githubusercontent.com/PokeAPI/sprites/master/sprites/pokemon/487.png;False;False;False;True
Cresselia;488;300;856;15;602;psychic;;38.04;https://raw.githubusercontent.com/PokeAPI/sprites/master/sprites/pokemon/488.png;False;False;False;True
Phione;489;216;31;4;603;water;;19.38;https://raw.githubusercontent.com/PokeAPI/sprites/master/sprites/pokemon/489.png;False;False;False;True
Manaphy;490;270;14;3;604;water;;15.56;https://raw.githubusercontent.com/PokeAPI/sprites/master/sprites/pokemon/490.png;False;False;False;True
Darkrai;491;270;505;15;605;dark;;22.44;https://raw.githubusercontent.com/PokeAPI/sprites/master/sprites/pokemon/491.png;False;False;False;True
Shaymin-land;492;270;21;2;606;grass;;52.5;https://raw.githubusercontent.com/PokeAPI/sprites/master/sprites/pokemon/492.png;False;False;False;True
Arceus;493;324;3200;32;608;normal;;31.25;https://raw.githubusercontent.com/PokeAPI/sprites/master/sprites/pokemon/493.png;False;False;False;True
Victini;494;300;40;4;609;psychic;fire;25.0;https://raw.githubusercontent.com/PokeAPI/sprites/master/sprites/pokemon/494.png;False;False;False;True
Snivy;495;62;81;6;610;grass;;22.5;https://raw.githubusercontent.com/PokeAPI/sprites/master/sprites/pokemon/495.png;False;False;False;True
Servine;496;145;160;8;611;grass;;25.0;https://raw.githubusercontent.com/PokeAPI/sprites/master/sprites/pokemon/496.png;False;False;False;True
Serperior;497;238;630;33;612;grass;;5.79;https://raw.githubusercontent.com/PokeAPI/sprites/master/sprites/pokemon/497.png;False;False;False;True
Tepig;498;62;99;5;613;fire;;39.6;https://raw.githubusercontent.com/PokeAPI/sprites/master/sprites/pokemon/498.png;False;False;False;True
Pignite;499;146;555;10;614;fire;fighting;55.5;https://raw.githubusercontent.com/PokeAPI/sprites/master/sprites/pokemon/499.png;False;False;False;True
Emboar;500;238;1500;16;615;fire;fighting;58.59;https://raw.githubusercontent.com/PokeAPI/sprites/master/sprites/pokemon/500.png;False;False;False;True
Oshawott;501;62;59;5;616;water;;23.6;https://raw.githubusercontent.com/PokeAPI/sprites/master/sprites/pokemon/501.png;False;False;False;True
Dewott;502;145;245;8;617;water;;38.28;https://raw.githubusercontent.com/PokeAPI/sprites/master/sprites/pokemon/502.png;False;False;False;True
Samurott;503;238;946;15;618;water;;42.04;https://raw.githubusercontent.com/PokeAPI/sprites/master/sprites/pokemon/503.png;False;False;False;True
Patrat;504;51;116;5;619;normal;;46.4;https://raw.githubusercontent.com/PokeAPI/sprites/master/sprites/pokemon/504.png;False;False;False;True
Watchog;505;147;270;11;620;normal;;22.31;https://raw.githubusercontent.com/PokeAPI/sprites/master/sprites/pokemon/505.png;False;False;False;True
Lillipup;506;55;41;4;621;normal;;25.62;https://raw.githubusercontent.com/PokeAPI/sprites/master/sprites/pokemon/506.png;False;False;False;True
Herdier;507;130;147;9;622;normal;;18.15;https://raw.githubusercontent.com/PokeAPI/sprites/master/sprites/pokemon/507.png;False;False;False;True
Stoutland;508;250;610;12;623;normal;;42.36;https://raw.githubusercontent.com/PokeAPI/sprites/master/sprites/pokemon/508.png;False;False;False;True
Purrloin;509;56;101;4;624;dark;;63.12;https://raw.githubusercontent.com/PokeAPI/sprites/master/sprites/pokemon/509.png;False;False;False;True
Liepard;510;156;375;11;625;dark;;30.99;https://raw.githubusercontent.com/PokeAPI/sprites/master/sprites/pokemon/510.png;False;False;False;True
Pansage;511;63;105;6;626;grass;;29.17;https://raw.githubusercontent.com/PokeAPI/sprites/master/sprites/pokemon/511.png;False;False;False;True
Simisage;512;174;305;11;627;grass;;25.21;https://raw.githubusercontent.com/PokeAPI/sprites/master/sprites/pokemon/512.png;False;False;False;True
Pansear;513;63;110;6;628;fire;;30.56;https://raw.githubusercontent.com/PokeAPI/sprites/master/sprites/pokemon/513.png;False;False;False;True
Simisear;514;174;280;10;629;fire;;28.0;https://raw.githubusercontent.com/PokeAPI/sprites/master/sprites/pokemon/514.png;False;False;False;True
Panpour;515;63;135;6;630;water;;37.5;https://raw.githubusercontent.com/PokeAPI/sprites/master/sprites/pokemon/515.png;False;False;False;True
Simipour;516;174;290;10;631;water;;29.0;https://raw.githubusercontent.com/PokeAPI/sprites/master/sprites/pokemon/516.png;False;False;False;True
Munna;517;58;233;6;632;psychic;;64.72;https://raw.githubusercontent.com/PokeAPI/sprites/master/sprites/pokemon/517.png;False;False;False;True
Musharna;518;170;605;11;633;psychic;;50.0;https://raw.githubusercontent.com/PokeAPI/sprites/master/sprites/pokemon/518.png;False;False;False;True
Pidove;519;53;21;3;634;normal;flying;23.33;https://raw.githubusercontent.com/PokeAPI/sprites/master/sprites/pokemon/519.png;False;False;False;True
Tranquill;520;125;150;6;635;normal;flying;41.67;https://raw.githubusercontent.com/PokeAPI/sprites/master/sprites/pokemon/520.png;False;False;False;True
Unfezant;521;244;290;12;636;normal;flying;20.14;https://raw.githubusercontent.com/PokeAPI/sprites/master/sprites/pokemon/521.png;False;False;False;True
Blitzle;522;59;298;8;637;electric;;46.56;https://raw.githubusercontent.com/PokeAPI/sprites/master/sprites/pokemon/522.png;False;False;False;True
Zebstrika;523;174;795;16;638;electric;;31.05;https://raw.githubusercontent.com/PokeAPI/sprites/master/sprites/pokemon/523.png;False;False;False;True
Roggenrola;524;56;180;4;639;rock;;112.5;https://raw.githubusercontent.com/PokeAPI/sprites/master/sprites/pokemon/524.png;False;False;False;True
Boldore;525;137;1020;9;640;rock;;125.93;https://raw.githubusercontent.com/PokeAPI/sprites/master/sprites/pokemon/525.png;False;False;False;True
Gigalith;526;258;2600;17;641;rock;;89.97;https://raw.githubusercontent.com/PokeAPI/sprites/master/sprites/pokemon/526.png;False;False;False;True
Woobat;527;65;21;4;642;psychic;flying;13.12;https://raw.githubusercontent.com/PokeAPI/sprites/master/sprites/pokemon/527.png;False;False;False;True
Swoobat;528;149;105;9;643;psychic;flying;12.96;https://raw.githubusercontent.com/PokeAPI/sprites/master/sprites/pokemon/528.png;False;False;False;True
Drilbur;529;66;85;3;644;ground;;94.44;https://raw.githubusercontent.com/PokeAPI/sprites/master/sprites/pokemon/529.png;False;False;False;True
Excadrill;530;178;404;7;645;ground;steel;82.45;https://raw.githubusercontent.com/PokeAPI/sprites/master/sprites/pokemon/530.png;False;False;False;True
Audino;531;390;310;11;646;normal;;25.62;https://raw.githubusercontent.com/PokeAPI/sprites/master/sprites/pokemon/531.png;False;False;False;True
Timburr;532;61;125;6;648;fighting;;34.72;https://raw.githubusercontent.com/PokeAPI/sprites/master/sprites/pokemon/532.png;False;False;False;True
Gurdurr;533;142;400;12;649;fighting;;27.78;https://raw.githubusercontent.com/PokeAPI/sprites/master/sprites/pokemon/533.png;False;False;False;True
Conkeldurr;534;253;870;14;650;fighting;;44.39;https://raw.githubusercontent.com/PokeAPI/sprites/master/sprites/pokemon/534.png;False;False;False;True
Tympole;535;59;45;5;651;water;;18.0;https://raw.githubusercontent.com/PokeAPI/sprites/master/sprites/pokemon/535.png;False;False;False;True
Palpitoad;536;134;170;8;652;water;ground;26.56;https://raw.githubusercontent.com/PokeAPI/sprites/master/sprites/pokemon/536.png;False;False;False;True
Seismitoad;537;255;620;15;653;water;ground;27.56;https://raw.githubusercontent.com/PokeAPI/sprites/master/sprites/pokemon/537.png;False;False;False;True
Throh;538;163;555;13;654;fighting;;32.84;https://raw.githubusercontent.com/PokeAPI/sprites/master/sprites/pokemon/538.png;False;False;False;True
Sawk;539;163;510;14;655;fighting;;26.02;https://raw.githubusercontent.com/PokeAPI/sprites/master/sprites/pokemon/539.png;False;False;False;True
Sewaddle;540;62;25;3;656;bug;grass;27.78;https://raw.githubusercontent.com/PokeAPI/sprites/master/sprites/pokemon/540.png;False;False;False;True
Swadloon;541;133;73;5;657;bug;grass;29.2;https://raw.githubusercontent.com/PokeAPI/sprites/master/sprites/pokemon/541.png;False;False;False;True
Leavanny;542;225;205;12;658;bug;grass;14.24;https://raw.githubusercontent.com/PokeAPI/sprites/master/sprites/pokemon/542.png;False;False;False;True
Venipede;543;52;53;4;659;bug;poison;33.12;https://raw.githubusercontent.com/PokeAPI/sprites/master/sprites/pokemon/543.png;False;False;False;True
Whirlipede;544;126;585;12;660;bug;poison;40.62;https://raw.githubusercontent.com/PokeAPI/sprites/master/sprites/pokemon/544.png;False;False;False;True
Scolipede;545;243;2005;25;661;bug;poison;32.08;https://raw.githubusercontent.com/PokeAPI/sprites/master/sprites/pokemon/545.png;False;False;False;True
Cottonee;546;56;6;3;662;grass;fairy;6.67;https://raw.githubusercontent.com/PokeAPI/sprites/master/sprites/pokemon/546.png;False;False;False;True
Whimsicott;547;168;66;7;663;grass;fairy;13.47;https://raw.githubusercontent.com/PokeAPI/sprites/master/sprites/pokemon/547.png;False;False;False;True
Petilil;548;56;66;5;664;grass;;26.4;https://raw.githubusercontent.com/PokeAPI/sprites/master/sprites/pokemon/548.png;False;False;False;True
Lilligant;549;168;163;11;665;grass;;13.47;https://raw.githubusercontent.com/PokeAPI/sprites/master/sprites/pokemon/549.png;False;False;False;True
Basculin-red-striped;550;161;180;10;666;water;;18.0;https://raw.githubusercontent.com/PokeAPI/sprites/master/sprites/pokemon/550.png;False;False;False;True
Sandile;551;58;152;7;668;ground;dark;31.02;https://raw.githubusercontent.com/PokeAPI/sprites/master/sprites/pokemon/551.png;False;False;False;True
Krokorok;552;123;334;10;669;ground;dark;33.4;https://raw.githubusercontent.com/PokeAPI/sprites/master/sprites/pokemon/552.png;False;False;False;True
Krookodile;553;260;963;15;670;ground;dark;42.8;https://raw.githubusercontent.com/PokeAPI/sprites/master/sprites/pokemon/553.png;False;False;False;True
Darumaka;554;63;375;6;671;fire;;104.17;https://raw.githubusercontent.com/PokeAPI/sprites/master/sprites/pokemon/554.png;False;False;False;True
Darmanitan-standard;555;168;929;13;673;fire;;54.97;https://raw.githubusercontent.com/PokeAPI/sprites/master/sprites/pokemon/555.png;False;False;False;True
Maractus;556;161;280;10;677;grass;;28.0;https://raw.githubusercontent.com/PokeAPI/sprites/master/sprites/pokemon/556.png;False;False;False;True
Dwebble;557;65;145;3;678;bug;rock;161.11;https://raw.githubusercontent.com/PokeAPI/sprites/master/sprites/pokemon/557.png;False;False;False;True
Crustle;558;170;2000;14;679;bug;rock;102.04;https://raw.githubusercontent.com/PokeAPI/sprites/master/sprites/pokemon/558.png;False;False;False;True
Scraggy;559;70;118;6;680;dark;fighting;32.78;https://raw.githubusercontent.com/PokeAPI/sprites/master/sprites/pokemon/559.png;False;False;False;True
Scrafty;560;171;300;11;681;dark;fighting;24.79;https://raw.githubusercontent.com/PokeAPI/sprites/master/sprites/pokemon/560.png;False;False;False;True
Sigilyph;561;172;140;14;682;psychic;flying;7.14;https://raw.githubusercontent.com/PokeAPI/sprites/master/sprites/pokemon/561.png;False;False;False;True
Yamask;562;61;15;5;683;ghost;;6.0;https://raw.githubusercontent.com/PokeAPI/sprites/master/sprites/pokemon/562.png;False;False;False;True
Cofagrigus;563;169;765;17;685;ghost;;26.47;https://raw.githubusercontent.com/PokeAPI/sprites/master/sprites/pokemon/563.png;False;False;False;True
Tirtouga;564;71;165;7;686;water;rock;33.67;https://raw.githubusercontent.com/PokeAPI/sprites/master/sprites/pokemon/564.png;False;False;False;True
Carracosta;565;173;810;12;687;water;rock;56.25;https://raw.githubusercontent.com/PokeAPI/sprites/master/sprites/pokemon/565.png;False;False;False;True
Archen;566;71;95;5;688;rock;flying;38.0;https://raw.githubusercontent.com/PokeAPI/sprites/master/sprites/pokemon/566.png;False;False;False;True
Archeops;567;177;320;14;689;rock;flying;16.33;https://raw.githubusercontent.com/PokeAPI/sprites/master/sprites/pokemon/567.png;False;False;False;True
Trubbish;568;66;310;6;690;poison;;86.11;https://raw.githubusercontent.com/PokeAPI/sprites/master/sprites/pokemon/568.png;False;False;False;True
Garbodor;569;166;1073;19;691;poison;;29.72;https://raw.githubusercontent.com/PokeAPI/sprites/master/sprites/pokemon/569.png;False;False;False;True
Zorua;570;66;125;7;692;dark;;25.51;https://raw.githubusercontent.com/PokeAPI/sprites/master/sprites/pokemon/570.png;False;False;False;True
Zoroark;571;179;811;16;693;dark;;31.68;https://raw.githubusercontent.com/PokeAPI/sprites/master/sprites/pokemon/571.png;False;False;False;True
Minccino;572;60;58;4;694;normal;;36.25;https://raw.githubusercontent.com/PokeAPI/sprites/master/sprites/pokemon/572.png;False;False;False;True
Cinccino;573;165;75;5;695;normal;;30.0;https://raw.githubusercontent.com/PokeAPI/sprites/master/sprites/pokemon/573.png;False;False;False;True
Gothita;574;58;58;4;696;psychic;;36.25;https://raw.githubusercontent.com/PokeAPI/sprites/master/sprites/pokemon/574.png;False;False;False;True
Gothorita;575;137;180;7;697;psychic;;36.73;https://raw.githubusercontent.com/PokeAPI/sprites/master/sprites/pokemon/575.png;False;False;False;True
Gothitelle;576;245;440;15;698;psychic;;19.56;https://raw.githubusercontent.com/PokeAPI/sprites/master/sprites/pokemon/576.png;False;False;False;True
Solosis;577;58;10;3;699;psychic;;11.11;https://raw.githubusercontent.com/PokeAPI/sprites/master/sprites/pokemon/577.png;False;False;False;True
Duosion;578;130;80;6;700;psychic;;22.22;https://raw.githubusercontent.com/PokeAPI/sprites/master/sprites/pokemon/578.png;False;False;False;True
Reuniclus;579;245;201;10;701;psychic;;20.1;https://raw.githubusercontent.com/PokeAPI/sprites/master/sprites/pokemon/579.png;False;False;False;True
Ducklett;580;61;55;5;702;water;flying;22.0;https://raw.githubusercontent.com/PokeAPI/sprites/master/sprites/pokemon/580.png;False;False;False;True
Swanna;581;166;242;13;703;water;flying;14.32;https://raw.githubusercontent.com/PokeAPI/sprites/master/sprites/pokemon/581.png;False;False;False;True
Vanillite;582;61;57;4;704;ice;;35.62;https://raw.githubusercontent.com/PokeAPI/sprites/master/sprites/pokemon/582.png;False;False;False;True
Vanillish;583;138;410;11;705;ice;;33.88;https://raw.githubusercontent.com/PokeAPI/sprites/master/sprites/pokemon/583.png;False;False;False;True
Vanilluxe;584;268;575;13;706;ice;;34.02;https://raw.githubusercontent.com/PokeAPI/sprites/master/sprites/pokemon/584.png;False;False;False;True
Deerling;585;67;195;6;707;normal;grass;54.17;https://raw.githubusercontent.com/PokeAPI/sprites/master/sprites/pokemon/585.png;False;False;False;True
Sawsbuck;586;166;925;19;708;normal;grass;25.62;https://raw.githubusercontent.com/PokeAPI/sprites/master/sprites/pokemon/586.png;False;False;False;True
Emolga;587;150;50;4;709;electric;flying;31.25;https://raw.githubusercontent.com/PokeAPI/sprites/master/sprites/pokemon/587.png;False;False;False;True
Karrablast;588;63;59;5;710;bug;;23.6;https://raw.githubusercontent.com/PokeAPI/sprites/master/sprites/pokemon/588.png;False;False;False;True
Escavalier;589;173;330;10;711;bug;steel;33.0;https://raw.githubusercontent.com/PokeAPI/sprites/master/sprites/pokemon/589.png;False;False;False;True
Foongus;590;59;10;2;712;grass;poison;25.0;https://raw.githubusercontent.com/PokeAPI/sprites/master/sprites/pokemon/590.png;False;False;False;True
Amoonguss;591;162;105;6;713;grass;poison;29.17;https://raw.githubusercontent.com/PokeAPI/sprites/master/sprites/pokemon/591.png;False;False;False;True
Frillish;592;67;330;12;714;water;ghost;22.92;https://raw.githubusercontent.com/PokeAPI/sprites/master/sprites/pokemon/592.png;False;False;False;True
Jellicent;593;168;1350;22;715;water;ghost;27.89;https://raw.githubusercontent.com/PokeAPI/sprites/master/sprites/pokemon/593.png;False;False;False;True
Alomomola;594;165;316;12;716;water;;21.94;https://raw.githubusercontent.com/PokeAPI/sprites/master/sprites/pokemon/594.png;False;False;False;True
Joltik;595;64;6;1;717;bug;electric;60.0;https://raw.githubusercontent.com/PokeAPI/sprites/master/sprites/pokemon/595.png;False;False;False;True
Galvantula;596;165;143;8;718;bug;electric;22.34;https://raw.githubusercontent.com/PokeAPI/sprites/master/sprites/pokemon/596.png;False;False;False;True
Ferroseed;597;61;188;6;719;grass;steel;52.22;https://raw.githubusercontent.com/PokeAPI/sprites/master/sprites/pokemon/597.png;False;False;False;True
Ferrothorn;598;171;1100;10;720;grass;steel;110.0;https://raw.githubusercontent.com/PokeAPI/sprites/master/sprites/pokemon/598.png;False;False;False;True
Klink;599;60;210;3;721;steel;;233.33;https://raw.githubusercontent.com/PokeAPI/sprites/master/sprites/pokemon/599.png;False;False;False;True
Klang;600;154;510;6;722;steel;;141.67;https://raw.githubusercontent.com/PokeAPI/sprites/master/sprites/pokemon/600.png;False;False;False;True
Klinklang;601;260;810;6;723;steel;;225.0;https://raw.githubusercontent.com/PokeAPI/sprites/master/sprites/pokemon/601.png;False;False;False;True
Tynamo;602;55;3;2;724;electric;;7.5;https://raw.githubusercontent.com/PokeAPI/sprites/master/sprites/pokemon/602.png;False;False;False;True
Eelektrik;603;142;220;12;725;electric;;15.28;https://raw.githubusercontent.com/PokeAPI/sprites/master/sprites/pokemon/603.png;False;False;False;True
Eelektross;604;232;805;21;726;electric;;18.25;https://raw.githubusercontent.com/PokeAPI/sprites/master/sprites/pokemon/604.png;False;False;False;True
Elgyem;605;67;90;5;727;psychic;;36.0;https://raw.githubusercontent.com/PokeAPI/sprites/master/sprites/pokemon/605.png;False;False;False;True
Beheeyem;606;170;345;10;728;psychic;;34.5;https://raw.githubusercontent.com/PokeAPI/sprites/master/sprites/pokemon/606.png;False;False;False;True
Litwick;607;55;31;3;729;ghost;fire;34.44;https://raw.githubusercontent.com/PokeAPI/sprites/master/sprites/pokemon/607.png;False;False;False;True
Lampent;608;130;130;6;730;ghost;fire;36.11;https://raw.githubusercontent.com/PokeAPI/sprites/master/sprites/pokemon/608.png;False;False;False;True
Chandelure;609;260;343;10;731;ghost;fire;34.3;https://raw.githubusercontent.com/PokeAPI/sprites/master/sprites/pokemon/609.png;False;False;False;True
Axew;610;64;180;6;732;dragon;;50.0;https://raw.githubusercontent.com/PokeAPI/sprites/master/sprites/pokemon/610.png;False;False;False;True
Fraxure;611;144;360;10;733;dragon;;36.0;https://raw.githubusercontent.com/PokeAPI/sprites/master/sprites/pokemon/611.png;False;False;False;True
Haxorus;612;270;1055;18;734;dragon;;32.56;https://raw.githubusercontent.com/PokeAPI/sprites/master/sprites/pokemon/612.png;False;False;False;True
Cubchoo;613;61;85;5;735;ice;;34.0;https://raw.githubusercontent.com/PokeAPI/sprites/master/sprites/pokemon/613.png;False;False;False;True
Beartic;614;177;2600;26;736;ice;;38.46;https://raw.githubusercontent.com/PokeAPI/sprites/master/sprites/pokemon/614.png;False;False;False;True
Cryogonal;615;180;1480;11;737;ice;;122.31;https://raw.githubusercontent.com/PokeAPI/sprites/master/sprites/pokemon/615.png;False;False;False;True
Shelmet;616;61;77;4;738;bug;;48.12;https://raw.githubusercontent.com/PokeAPI/sprites/master/sprites/pokemon/616.png;False;False;False;True
Accelgor;617;173;253;8;739;bug;;39.53;https://raw.githubusercontent.com/PokeAPI/sprites/master/sprites/pokemon/617.png;False;False;False;True
Stunfisk;618;165;110;7;740;ground;electric;22.45;https://raw.githubusercontent.com/PokeAPI/sprites/master/sprites/pokemon/618.png;False;False;False;True
Mienfoo;619;70;200;9;742;fighting;;24.69;https://raw.githubusercontent.com/PokeAPI/sprites/master/sprites/pokemon/619.png;False;False;False;True
Mienshao;620;179;355;14;743;fighting;;18.11;https://raw.githubusercontent.com/PokeAPI/sprites/master/sprites/pokemon/620.png;False;False;False;True
Druddigon;621;170;1390;16;744;dragon;;54.3;https://raw.githubusercontent.com/PokeAPI/sprites/master/sprites/pokemon/621.png;False;False;False;True
Golett;622;61;920;10;745;ground;ghost;92.0;https://raw.githubusercontent.com/PokeAPI/sprites/master/sprites/pokemon/622.png;False;False;False;True
Golurk;623;169;3300;28;746;ground;ghost;42.09;https://raw.githubusercontent.com/PokeAPI/sprites/master/sprites/pokemon/623.png;False;False;False;True
Pawniard;624;68;102;5;747;dark;steel;40.8;https://raw.githubusercontent.com/PokeAPI/sprites/master/sprites/pokemon/624.png;False;False;False;True
Bisharp;625;172;700;16;748;dark;steel;27.34;https://raw.githubusercontent.com/PokeAPI/sprites/master/sprites/pokemon/625.png;False;False;False;True
Bouffalant;626;172;946;16;749;normal;;36.95;https://raw.githubusercontent.com/PokeAPI/sprites/master/sprites/pokemon/626.png;False;False;False;True
Rufflet;627;70;105;5;750;normal;flying;42.0;https://raw.githubusercontent.com/PokeAPI/sprites/master/sprites/pokemon/627.png;False;False;False;True
Braviary;628;179;410;15;751;normal;flying;18.22;https://raw.githubusercontent.com/PokeAPI/sprites/master/sprites/pokemon/628.png;False;False;False;True
Vullaby;629;74;90;5;752;dark;flying;36.0;https://raw.githubusercontent.com/PokeAPI/sprites/master/sprites/pokemon/629.png;False;False;False;True
Mandibuzz;630;179;395;12;753;dark;flying;27.43;https://raw.githubusercontent.com/PokeAPI/sprites/master/sprites/pokemon/630.png;False;False;False;True
Heatmor;631;169;580;14;754;fire;;29.59;https://raw.githubusercontent.com/PokeAPI/sprites/master/sprites/pokemon/631.png;False;False;False;True
Durant;632;169;330;3;755;bug;steel;366.67;https://raw.githubusercontent.com/PokeAPI/sprites/master/sprites/pokemon/632.png;False;False;False;True
Deino;633;60;173;8;756;dark;dragon;27.03;https://raw.githubusercontent.com/PokeAPI/sprites/master/sprites/pokemon/633.png;False;False;False;True
Zweilous;634;147;500;14;757;dark;dragon;25.51;https://raw.githubusercontent.com/PokeAPI/sprites/master/sprites/pokemon/634.png;False;False;False;True
Hydreigon;635;300;1600;18;758;dark;dragon;49.38;https://raw.githubusercontent.com/PokeAPI/sprites/master/sprites/pokemon/635.png;False;False;False;True
Larvesta;636;72;288;11;759;bug;fire;23.8;https://raw.githubusercontent.com/PokeAPI/sprites/master/sprites/pokemon/636.png;False;False;False;True
Volcarona;637;275;460;16;760;bug;fire;17.97;https://raw.githubusercontent.com/PokeAPI/sprites/master/sprites/pokemon/637.png;False;False;False;True
Cobalion;638;290;2500;21;761;steel;fighting;56.69;https://raw.githubusercontent.com/PokeAPI/sprites/master/sprites/pokemon/638.png;False;False;False;True
Terrakion;639;290;2600;19;762;rock;fighting;72.02;https://raw.githubusercontent.com/PokeAPI/sprites/master/sprites/pokemon/639.png;False;False;False;True
Virizion;640;290;2000;20;763;grass;fighting;50.0;https://raw.githubusercontent.com/PokeAPI/sprites/master/sprites/pokemon/640.png;False;False;False;True
Tornadus-incarnate;641;290;630;15;764;flying;;28.0;https://raw.githubusercontent.com/PokeAPI/sprites/master/sprites/pokemon/641.png;False;False;False;True
Thundurus-incarnate;642;290;610;15;766;electric;flying;27.11;https://raw.githubusercontent.com/PokeAPI/sprites/master/sprites/pokemon/642.png;False;False;False;True
Reshiram;643;340;3300;32;768;dragon;fire;32.23;https://raw.githubusercontent.com/PokeAPI/sprites/master/sprites/pokemon/643.png;False;False;False;True
Zekrom;644;340;3450;29;769;dragon;electric;41.02;https://raw.githubusercontent.com/PokeAPI/sprites/master/sprites/pokemon/644.png;False;False;False;True
Landorus-incarnate;645;300;680;15;770;ground;flying;30.22;https://raw.githubusercontent.com/PokeAPI/sprites/master/sprites/pokemon/645.png;False;False;False;True
Kyurem;646;330;3250;30;772;dragon;ice;36.11;https://raw.githubusercontent.com/PokeAPI/sprites/master/sprites/pokemon/646.png;False;False;False;True
Keldeo-ordinary;647;290;485;14;775;water;fighting;24.74;https://raw.githubusercontent.com/PokeAPI/sprites/master/sprites/pokemon/647.png;False;False;False;True
Meloetta-aria;648;270;65;6;777;normal;psychic;18.06;https://raw.githubusercontent.com/PokeAPI/sprites/master/sprites/pokemon/648.png;False;False;False;True
Genesect;649;300;825;15;779;bug;steel;36.67;https://raw.githubusercontent.com/PokeAPI/sprites/master/sprites/pokemon/649.png;False;False;False;True
